{
  "type": "FeatureCollection",
  "features": [
    {
      "id": "0",
      "type": "Feature",
      "properties": {
        "OBJECTID_1": 1,
        "region_cod": "SOUTH PENINSULA",
        "subdivisio": "LAKSHADWEEP",
        "STATE": "LAKSHADWEEP",
        "Area": 272.893846539,
        "sanket_x_id": "IMD-01",
        "imd_source_id": "36",
        "sanket_x_subdivision": "LAKSHADWEEP"
      },
      "geometry": {
        "type": "MultiPolygon",
        "coordinates": [
          [
            [
              [
                73.01562558354999,
                8.299194308501793
              ],
              [
                73.01422177525663,
                8.298828097230574
              ],
              [
                73.01239072233761,
                8.299194308624676
              ],
              [
                73.01318417886435,
                8.300415011712161
              ],
              [
                73.01458798606603,
                8.302185031817109
              ],
              [
                73.01544247849975,
                8.302001925876024
              ],
              [
                73.01580868882378,
                8.30102536355389
              ],
              [
                73.01599179395555,
                8.300231906592423
              ],
              [
                73.01599179479933,
                8.29943844970059
              ],
              [
                73.01562558354999,
                8.299194308501793
              ]
            ]
          ],
          [
            [
              [
                73.01379452928212,
                8.302185031556133
              ],
              [
                73.01403866995499,
                8.302001925680853
              ],
              [
                73.01379452926535,
                8.3020019256662
              ],
              [
                73.01379452914885,
                8.301818820671967
              ],
              [
                73.01361142427125,
                8.301818820202993
              ],
              [
                73.01361142430125,
                8.302001925116334
              ],
              [
                73.0136114242133,
                8.30218503182109
              ],
              [
                73.01379452928212,
                8.302185031556133
              ]
            ]
          ],
          [
            [
              [
                73.0809942020186,
                8.32501218122374
              ],
              [
                73.08099420277152,
                8.322814915210394
              ],
              [
                73.08001764077001,
                8.320617650016091
              ],
              [
                73.07879693836813,
                8.318786594933995
              ],
              [
                73.07782037604512,
                8.316833469686868
              ],
              [
                73.07659967394221,
                8.314819310359567
              ],
              [
                73.07544000642658,
                8.312988254893405
              ],
              [
                73.07421930422124,
                8.311035129764536
              ],
              [
                73.07324274174668,
                8.309020970150168
              ],
              [
                73.07183893401205,
                8.307189915382033
              ],
              [
                73.071228582633,
                8.304992650374656
              ],
              [
                73.070190986221,
                8.302795383590864
              ],
              [
                73.06982477527761,
                8.30059811907791
              ],
              [
                73.06939752953504,
                8.298400852782782
              ],
              [
                73.06903131870676,
                8.296020482330581
              ],
              [
                73.06842096784133,
                8.293395970137333
              ],
              [
                73.06878717816535,
                8.292602513072529
              ],
              [
                73.06939753012573,
                8.292236301999996
              ],
              [
                73.06982477629073,
                8.291381810092227
              ],
              [
                73.06939753037604,
                8.288391086536551
              ],
              [
                73.06939753023374,
                8.28601071574477
              ],
              [
                73.06939753061718,
                8.283813450715302
              ],
              [
                73.06878717849727,
                8.28198239585702
              ],
              [
                73.06701716070882,
                8.280029270651474
              ],
              [
                73.06439265036302,
                8.277587865140402
              ],
              [
                73.06060847191456,
                8.274841282812295
              ],
              [
                73.0590215589896,
                8.272827122059612
              ],
              [
                73.05578669742259,
                8.269836399303585
              ],
              [
                73.05358943260535,
                8.267394993296348
              ],
              [
                73.0516363091944,
                8.265197727751323
              ],
              [
                73.05023250148274,
                8.263793918478525
              ],
              [
                73.04882869311618,
                8.262390110747672
              ],
              [
                73.04742488456759,
                8.262023899368533
              ],
              [
                73.04583797146876,
                8.261596653236687
              ],
              [
                73.04522762094605,
                8.261596653109004
              ],
              [
                73.04303035600718,
                8.261230441984273
              ],
              [
                73.0405889515339,
                8.26123044234441
              ],
              [
                73.03839168672604,
                8.261840792783774
              ],
              [
                73.03643856229156,
                8.262634250219035
              ],
              [
                73.0339971572969,
                8.262817356219134
              ],
              [
                73.0317998925065,
                8.263183567241407
              ],
              [
                73.0296026288435,
                8.263427707064471
              ],
              [
                73.02740536389008,
                8.263610813179405
              ],
              [
                73.02484188906786,
                8.264587374870088
              ],
              [
                73.02081356988273,
                8.266601534435171
              ],
              [
                73.02020321910358,
                8.268798800241246
              ],
              [
                73.02002011360074,
                8.26898190655073
              ],
              [
                73.01959286767229,
                8.269409152767306
              ],
              [
                73.01879941074299,
                8.270019503982473
              ],
              [
                73.01879941120626,
                8.270202609967845
              ],
              [
                73.01879941146589,
                8.27124020695026
              ],
              [
                73.0184331997368,
                8.272582980943119
              ],
              [
                73.01800595407006,
                8.27423093005206
              ],
              [
                73.01782284956609,
                8.274841282058164
              ],
              [
                73.01763974327258,
                8.275207492736724
              ],
              [
                73.01763974359699,
                8.27539059736809
              ],
              [
                73.0178228496042,
                8.27563473876069
              ],
              [
                73.01800595393712,
                8.27581784322619
              ],
              [
                73.01818905991071,
                8.27581784382583
              ],
              [
                73.01843319984802,
                8.275817843864951
              ],
              [
                73.01879941069204,
                8.27563473852223
              ],
              [
                73.01898251670448,
                8.275390597195038
              ],
              [
                73.0194097625354,
                8.27502438643503
              ],
              [
                73.0195928673302,
                8.274841281430342
              ],
              [
                73.02002011328241,
                8.274597140847954
              ],
              [
                73.02038632410492,
                8.274597140757045
              ],
              [
                73.02081356978198,
                8.274414035111672
              ],
              [
                73.02099667575702,
                8.27423092949391
              ],
              [
                73.02142392203531,
                8.273803683279267
              ],
              [
                73.02160702658229,
                8.273193332021076
              ],
              [
                73.02179013253883,
                8.272827120561315
              ],
              [
                73.02179013240999,
                8.272582981088318
              ],
              [
                73.02203427230042,
                8.27239987495962
              ],
              [
                73.02221737784508,
                8.272033663486571
              ],
              [
                73.02221737787677,
                8.271789523780093
              ],
              [
                73.02203427207543,
                8.271789524153366
              ],
              [
                73.02179013233766,
                8.272033663704583
              ],
              [
                73.02142392165943,
                8.272399874437795
              ],
              [
                73.02099667610607,
                8.272582980351192
              ],
              [
                73.02081357012992,
                8.273010226472485
              ],
              [
                73.02063046528535,
                8.273193331567203
              ],
              [
                73.0202032193395,
                8.273620577606234
              ],
              [
                73.02002011298276,
                8.27380368365027
              ],
              [
                73.01959286745334,
                8.274230929594069
              ],
              [
                73.01940976231828,
                8.27441403485021
              ],
              [
                73.01922665699202,
                8.274597140754787
              ],
              [
                73.01898251647279,
                8.274597141014757
              ],
              [
                73.01879941133478,
                8.274414034426037
              ],
              [
                73.01879941092903,
                8.274230929300602
              ],
              [
                73.01879941086679,
                8.273986788846768
              ],
              [
                73.01898251652766,
                8.27380368397467
              ],
              [
                73.0194097627818,
                8.273437472547505
              ],
              [
                73.01959286766329,
                8.273010226871016
              ],
              [
                73.01983700804116,
                8.272582980511933
              ],
              [
                73.02002011318923,
                8.272216769362553
              ],
              [
                73.02038632439974,
                8.271789523682866
              ],
              [
                73.02160702701337,
                8.270996067056808
              ],
              [
                73.02240048294988,
                8.27081296049936
              ],
              [
                73.02343808053308,
                8.270812960685507
              ],
              [
                73.02520809976018,
                8.270629856177742
              ],
              [
                73.02819882064969,
                8.270629855767341
              ],
              [
                73.0289922764868,
                8.270629855912789
              ],
              [
                73.03302059590945,
                8.27178952358932
              ],
              [
                73.03363094607626,
                8.271789523647971
              ],
              [
                73.03424129802089,
                8.271789523670414
              ],
              [
                73.03698787909066,
                8.272033663976732
              ],
              [
                73.03784237053821,
                8.272033664276687
              ],
              [
                73.0394292840224,
                8.271789524545568
              ],
              [
                73.04022273987442,
                8.271789524316382
              ],
              [
                73.04260310985337,
                8.272582980935468
              ],
              [
                73.04461726911407,
                8.273193331996627
              ],
              [
                73.0466314278175,
                8.274414034952464
              ],
              [
                73.04760799063875,
                8.275207493568402
              ],
              [
                73.0482183412788,
                8.275817844230446
              ],
              [
                73.04858455149622,
                8.27618405518806
              ],
              [
                73.04980525445302,
                8.277038547077407
              ],
              [
                73.05218562536265,
                8.27899167226388
              ],
              [
                73.05419978414221,
                8.280639621600955
              ],
              [
                73.05578669702432,
                8.281799290023034
              ],
              [
                73.05719050457888,
                8.283996555860494
              ],
              [
                73.05798396123326,
                8.286010715502456
              ],
              [
                73.05920466441863,
                8.287597629545074
              ],
              [
                73.05999812062844,
                8.28918454386022
              ],
              [
                73.06182917422922,
                8.291625950374414
              ],
              [
                73.0635991927431,
                8.29364011120654
              ],
              [
                73.06439264982949,
                8.294982883914845
              ],
              [
                73.06481989474746,
                8.296020482122847
              ],
              [
                73.06500300015617,
                8.297607395413841
              ],
              [
                73.06518610555575,
                8.29919431009974
              ],
              [
                73.06579645690971,
                8.301635716049635
              ],
              [
                73.06604059764184,
                8.302612279122133
              ],
              [
                73.06720026431472,
                8.304992649873576
              ],
              [
                73.06781061634209,
                8.306823703993894
              ],
              [
                73.06823786231999,
                8.307800266786572
              ],
              [
                73.06860407275977,
                8.308837864841916
              ],
              [
                73.06982477496734,
                8.31103512972337
              ],
              [
                73.07122858255374,
                8.313598607072098
              ],
              [
                73.07324274122155,
                8.317016575756373
              ],
              [
                73.07421930415262,
                8.31939694685034
              ],
              [
                73.07482965523937,
                8.320434544169187
              ],
              [
                73.07598932305687,
                8.322021458448283
              ],
              [
                73.07721002517452,
                8.323242161112379
              ],
              [
                73.07763727108737,
                8.323425267144058
              ],
              [
                73.07764723550419,
                8.323544845685285
              ],
              [
                73.07782037540065,
                8.325622532810177
              ],
              [
                73.07922418369715,
                8.32763669277876
              ],
              [
                73.0809942018363,
                8.328796361190234
              ],
              [
                73.08123834344931,
                8.32739255247605
              ],
              [
                73.0809942020186,
                8.32501218122374
              ]
            ],
            [
              [
                73.06543024624712,
                8.2922363021828
              ],
              [
                73.06543024589807,
                8.291992160717308
              ],
              [
                73.06579645718236,
                8.293029759107712
              ],
              [
                73.06658991302434,
                8.294006321568508
              ],
              [
                73.0668340537506,
                8.296203586471323
              ],
              [
                73.06738336956326,
                8.298400852427482
              ],
              [
                73.06823786243085,
                8.300598119297478
              ],
              [
                73.06878717839568,
                8.302795384049022
              ],
              [
                73.0696416696469,
                8.304992649911698
              ],
              [
                73.0701909857392,
                8.307189915246488
              ],
              [
                73.07098444296959,
                8.309387180561925
              ],
              [
                73.07202203921985,
                8.311401341218634
              ],
              [
                73.07299860136705,
                8.31341550116111
              ],
              [
                73.07458551487433,
                8.315185521285027
              ],
              [
                73.07562311221618,
                8.317199681442434
              ],
              [
                73.07659967400707,
                8.319213841490685
              ],
              [
                73.0778203760691,
                8.321228001247595
              ],
              [
                73.07763844925906,
                8.322986637244282
              ],
              [
                73.07763727059641,
                8.322998020623597
              ],
              [
                73.07739313046368,
                8.322814914759357
              ],
              [
                73.07623346245995,
                8.321594212096606
              ],
              [
                73.07544000646844,
                8.320190404467887
              ],
              [
                73.07458551428158,
                8.318420384099754
              ],
              [
                73.07342584721658,
                8.316040012944883
              ],
              [
                73.07000788050759,
                8.309997533066795
              ],
              [
                73.06903131884089,
                8.307983371644225
              ],
              [
                73.06683405372402,
                8.302429173264853
              ],
              [
                73.0665899129213,
                8.301025365022277
              ],
              [
                73.06604059787227,
                8.29962155549041
              ],
              [
                73.06604059755347,
                8.298828099269823
              ],
              [
                73.06579645651478,
                8.298034641697937
              ],
              [
                73.0660405971783,
                8.297424290188012
              ],
              [
                73.06604059716275,
                8.296630833159949
              ],
              [
                73.06579645656907,
                8.295410129395382
              ],
              [
                73.0656133523145,
                8.293395970032211
              ],
              [
                73.06543024624712,
                8.2922363021828
              ]
            ]
          ],
          [
            [
              [
                73.6314089848245,
                10.068603499051035
              ],
              [
                73.63159209058136,
                10.068420392753795
              ],
              [
                73.63159208996377,
                10.068237288099708
              ],
              [
                73.6312258791243,
                10.067993147194304
              ],
              [
                73.63079863336856,
                10.067993146796473
              ],
              [
                73.6304324231495,
                10.067993146908718
              ],
              [
                73.63043242310216,
                10.068420392403116
              ],
              [
                73.63061552795686,
                10.068420393009099
              ],
              [
                73.63061552789871,
                10.068603499063059
              ],
              [
                73.63079863385771,
                10.068603498763112
              ],
              [
                73.63104277343423,
                10.068603498461302
              ],
              [
                73.6314089848245,
                10.068603499051035
              ]
            ]
          ],
          [
            [
              [
                73.63324003935047,
                10.069030744622264
              ],
              [
                73.63281279317168,
                10.068603499181703
              ],
              [
                73.63238554695835,
                10.068603498540597
              ],
              [
                73.63238554697527,
                10.068786603493553
              ],
              [
                73.63238554699016,
                10.069213849884246
              ],
              [
                73.6328127933327,
                10.069641096075934
              ],
              [
                73.63299589803636,
                10.06964109579355
              ],
              [
                73.63324003901248,
                10.069396956091872
              ],
              [
                73.63324003935047,
                10.069030744622264
              ]
            ]
          ],
          [
            [
              [
                73.63482695271762,
                10.071594221076703
              ],
              [
                73.63439970681175,
                10.071228009788125
              ],
              [
                73.63378935499941,
                10.071228009974787
              ],
              [
                73.6336062496111,
                10.071411115525017
              ],
              [
                73.63360624967129,
                10.071838362176313
              ],
              [
                73.63378935456379,
                10.07202146692856
              ],
              [
                73.63421660127896,
                10.07202146702413
              ],
              [
                73.63439970610264,
                10.072021466870092
              ],
              [
                73.63458281281022,
                10.072021466653531
              ],
              [
                73.63482695271762,
                10.071594221076703
              ]
            ]
          ],
          [
            [
              [
                73.63122587957284,
                10.073242169607852
              ],
              [
                73.63104277387876,
                10.07299803026214
              ],
              [
                73.63079863361779,
                10.072998030056628
              ],
              [
                73.63079863356468,
                10.072814923895885
              ],
              [
                73.63061552788636,
                10.072814923455866
              ],
              [
                73.63043242300961,
                10.072998029843065
              ],
              [
                73.63061552797059,
                10.073242170101395
              ],
              [
                73.63079863379208,
                10.073425275976732
              ],
              [
                73.6310427734581,
                10.073608380855774
              ],
              [
                73.63122587978407,
                10.073608380478174
              ],
              [
                73.63122587969556,
                10.073425275940096
              ],
              [
                73.63122587957284,
                10.073242169607852
              ]
            ]
          ],
          [
            [
              [
                73.62799101745259,
                10.073608381060499
              ],
              [
                73.6279910174497,
                10.073425275992209
              ],
              [
                73.62860136816056,
                10.073608380644448
              ],
              [
                73.62860136780773,
                10.073425275330065
              ],
              [
                73.62841826296045,
                10.072998029665065
              ],
              [
                73.62799101691101,
                10.072631818905665
              ],
              [
                73.62780791103148,
                10.072204572850547
              ],
              [
                73.62719756019017,
                10.071838361390673
              ],
              [
                73.6265872084167,
                10.071838361409204
              ],
              [
                73.62622099797542,
                10.072204572299546
              ],
              [
                73.62603789249448,
                10.072631819125478
              ],
              [
                73.62640410409014,
                10.072814924059438
              ],
              [
                73.62701445494272,
                10.073425275484396
              ],
              [
                73.62719756091798,
                10.073608381193315
              ],
              [
                73.62762480630336,
                10.074035627360734
              ],
              [
                73.6279910168243,
                10.074035628005632
              ],
              [
                73.62823515733567,
                10.074035628206458
              ],
              [
                73.62841826302447,
                10.073791486578294
              ],
              [
                73.62799101745259,
                10.073608381060499
              ]
            ]
          ],
          [
            [
              [
                72.28582858065398,
                10.041809017977869
              ],
              [
                72.28479098321264,
                10.041015560487514
              ],
              [
                72.2842416675301,
                10.041015560597197
              ],
              [
                72.28381442189473,
                10.040832455456666
              ],
              [
                72.28363131624977,
                10.040832455108456
              ],
              [
                72.28338717519313,
                10.040832455667186
              ],
              [
                72.2832040703186,
                10.041015560567791
              ],
              [
                72.28320407081993,
                10.04119866516447
              ],
              [
                72.28338717537159,
                10.041625912521695
              ],
              [
                72.2838144225229,
                10.04223626336952
              ],
              [
                72.28399752699586,
                10.042602474170433
              ],
              [
                72.28424166739919,
                10.043029720019907
              ],
              [
                72.2842416675228,
                10.043395931107442
              ],
              [
                72.28460787846612,
                10.044616634599668
              ],
              [
                72.28479098283378,
                10.044799740577004
              ],
              [
                72.28503512387321,
                10.045593197320315
              ],
              [
                72.2854013343461,
                10.046020443358149
              ],
              [
                72.28558443904598,
                10.046386654790398
              ],
              [
                72.28619479125767,
                10.046997005195914
              ],
              [
                72.28680514125989,
                10.047607357173577
              ],
              [
                72.28723238702773,
                10.048034603479394
              ],
              [
                72.28759859769742,
                10.048400814630309
              ],
              [
                72.28759859808575,
                10.048583919577627
              ],
              [
                72.28820894902788,
                10.049194271774619
              ],
              [
                72.2886361950173,
                10.049621517685335
              ],
              [
                72.2897958622281,
                10.05261224057697
              ],
              [
                72.29004000179407,
                10.05279534574757
              ],
              [
                72.29040621244046,
                10.05279534550326
              ],
              [
                72.29040621238848,
                10.052429134698235
              ],
              [
                72.28961275629482,
                10.050598080326722
              ],
              [
                72.28918551040941,
                10.049438412623486
              ],
              [
                72.28918551092862,
                10.0477904624789
              ],
              [
                72.28918551102085,
                10.047607357717066
              ],
              [
                72.2891855110482,
                10.047424252061585
              ],
              [
                72.28918551098651,
                10.047241146406508
              ],
              [
                72.28900240604344,
                10.046813900496762
              ],
              [
                72.28900240620044,
                10.046386654795622
              ],
              [
                72.28881930039513,
                10.046020443937767
              ],
              [
                72.28863619484895,
                10.045410091640877
              ],
              [
                72.28820894985837,
                10.044982845973617
              ],
              [
                72.2878427388579,
                10.044433529648773
              ],
              [
                72.28741549369174,
                10.043640072601342
              ],
              [
                72.28698824735743,
                10.04278558066092
              ],
              [
                72.28619479098965,
                10.042236263897392
              ],
              [
                72.28582858065398,
                10.041809017977869
              ]
            ]
          ],
          [
            [
              [
                73.64758329695584,
                10.07220457328234
              ],
              [
                73.64782743733532,
                10.070190412971593
              ],
              [
                73.64782743732333,
                10.06738279515361
              ],
              [
                73.64782743666392,
                10.066589337948109
              ],
              [
                73.64801054317911,
                10.065185530306096
              ],
              [
                73.64782743664736,
                10.063781721434975
              ],
              [
                73.64782743683845,
                10.062988264363602
              ],
              [
                73.64758329720246,
                10.061828595802309
              ],
              [
                73.64758329681246,
                10.06024168171912
              ],
              [
                73.6474001915373,
                10.059020978768794
              ],
              [
                73.64721708630852,
                10.058410628228675
              ],
              [
                73.64678984065083,
                10.057800276416472
              ],
              [
                73.64599638370845,
                10.05718992454034
              ],
              [
                73.64538603203191,
                10.056823712891173
              ],
              [
                73.64459257485922,
                10.05682371267632
              ],
              [
                73.64343290755086,
                10.05664060796134
              ],
              [
                73.64202909966757,
                10.056823712614708
              ],
              [
                73.64123564273775,
                10.057006818694907
              ],
              [
                73.6401980451311,
                10.057617170023542
              ],
              [
                73.63958769321655,
                10.058227521692633
              ],
              [
                73.63940458870617,
                10.058837874256923
              ],
              [
                73.639404588233,
                10.059631331326129
              ],
              [
                73.64001493899994,
                10.06042478770712
              ],
              [
                73.64001493912501,
                10.060790998959012
              ],
              [
                73.63958769346368,
                10.06158445634517
              ],
              [
                73.63922148265212,
                10.062988264197672
              ],
              [
                73.63879423673383,
                10.064025861969256
              ],
              [
                73.63818388535756,
                10.065002424326872
              ],
              [
                73.63800077979468,
                10.066040022315498
              ],
              [
                73.63739042857728,
                10.067199690356695
              ],
              [
                73.63659697192816,
                10.06823728763875
              ],
              [
                73.6358035152405,
                10.069396956034618
              ],
              [
                73.6351931633862,
                10.070190412478276
              ],
              [
                73.63519316315806,
                10.07061765875151
              ],
              [
                73.6350100583646,
                10.070983870097214
              ],
              [
                73.63519316371523,
                10.071411116285905
              ],
              [
                73.63562040908269,
                10.071411115716813
              ],
              [
                73.63659697236898,
                10.070983869631627
              ],
              [
                73.63720732254212,
                10.07061765901341
              ],
              [
                73.63781767427106,
                10.070190412719557
              ],
              [
                73.6387942365363,
                10.070190413016237
              ],
              [
                73.6395876927733,
                10.070434553159256
              ],
              [
                73.64044218616286,
                10.070800764092557
              ],
              [
                73.64099150184451,
                10.07159422124852
              ],
              [
                73.64141874736194,
                10.07238767759196
              ],
              [
                73.64202909927508,
                10.072814924081351
              ],
              [
                73.64282255584652,
                10.073608381446201
              ],
              [
                73.64318876692091,
                10.07440183819612
              ],
              [
                73.64361601336171,
                10.07519529528772
              ],
              [
                73.64398222425876,
                10.075988752855201
              ],
              [
                73.64422636398787,
                10.076599104280218
              ],
              [
                73.64440946985458,
                10.077636702412345
              ],
              [
                73.64459257421446,
                10.078613264064353
              ],
              [
                73.64501982010292,
                10.079406721114589
              ],
              [
                73.64563017197742,
                10.080993634998292
              ],
              [
                73.64581327723248,
                10.082397444420742
              ],
              [
                73.64642362934269,
                10.083984358162876
              ],
              [
                73.64721708581533,
                10.085815413075025
              ],
              [
                73.64758329674893,
                10.087036115704748
              ],
              [
                73.64819364696021,
                10.088195784392243
              ],
              [
                73.64819364697809,
                10.089233381075584
              ],
              [
                73.6484377885844,
                10.090820295282827
              ],
              [
                73.6486208931516,
                10.091796857882189
              ],
              [
                73.64923124491771,
                10.092834456124406
              ],
              [
                73.6495974562081,
                10.093811017762867
              ],
              [
                73.64984159707276,
                10.094604475004893
              ],
              [
                73.65020780729243,
                10.095214827006783
              ],
              [
                73.6503909129721,
                10.096618634973623
              ],
              [
                73.65081815879095,
                10.098388655150737
              ],
              [
                73.65100126476133,
                10.09979246331715
              ],
              [
                73.65100126469048,
                10.101013167454
              ],
              [
                73.65118436898024,
                10.101623517707226
              ],
              [
                73.65142851039572,
                10.1016235181369
              ],
              [
                73.65142851002753,
                10.101196271813464
              ],
              [
                73.65161161489429,
                10.100219710192558
              ],
              [
                73.65161161533644,
                10.09960935825121
              ],
              [
                73.65142851050913,
                10.098022444207906
              ],
              [
                73.65118436944385,
                10.096435530577745
              ],
              [
                73.65020780738168,
                10.09338377254437
              ],
              [
                73.65002470214176,
                10.092590315278514
              ],
              [
                73.64959745550968,
                10.091186505695404
              ],
              [
                73.64959745636223,
                10.089782698371506
              ],
              [
                73.64923124495671,
                10.088439923873214
              ],
              [
                73.6492312451774,
                10.087036115988562
              ],
              [
                73.64923124494261,
                10.086425763854338
              ],
              [
                73.648987104115,
                10.085632307194922
              ],
              [
                73.64880399954096,
                10.084838850081018
              ],
              [
                73.64843778860957,
                10.083190901519043
              ],
              [
                73.64801054261913,
                10.082214338433543
              ],
              [
                73.64782743654794,
                10.08099363483528
              ],
              [
                73.64758329646415,
                10.079223616132742
              ],
              [
                73.64740019077699,
                10.077819807435327
              ],
              [
                73.6474001907134,
                10.077026349732593
              ],
              [
                73.647217085923,
                10.076232893521176
              ],
              [
                73.64740019099797,
                10.07482908494514
              ],
              [
                73.64758329675605,
                10.073242169739569
              ],
              [
                73.64758329695584,
                10.07220457328234
              ]
            ]
          ],
          [
            [
              [
                73.65258817776466,
                10.108642561264626
              ],
              [
                73.65240507210889,
                10.10839842058892
              ],
              [
                73.65222196712595,
                10.108398420476966
              ],
              [
                73.65203886040621,
                10.108398420221
              ],
              [
                73.65179472094583,
                10.108825667149741
              ],
              [
                73.65179472123923,
                10.109008771892235
              ],
              [
                73.65203886091905,
                10.109191877786321
              ],
              [
                73.65222196719012,
                10.109191878340871
              ],
              [
                73.65240507174487,
                10.109191877854366
              ],
              [
                73.65258817750859,
                10.109008772244024
              ],
              [
                73.65258817776466,
                10.108642561264626
              ]
            ]
          ],
          [
            [
              [
                72.33538908627658,
                10.099792418048139
              ],
              [
                72.33502287627982,
                10.099426207802424
              ],
              [
                72.33483977012334,
                10.09960931339677
              ],
              [
                72.33502287533236,
                10.100219665099344
              ],
              [
                72.33581633220227,
                10.101196226871746
              ],
              [
                72.33624357770967,
                10.102233824902749
              ],
              [
                72.3367928929231,
                10.103393493109458
              ],
              [
                72.33703703395135,
                10.104614196122876
              ],
              [
                72.33660978835572,
                10.105834899504202
              ],
              [
                72.33660978848094,
                10.10620110974203
              ],
              [
                72.3370370334322,
                10.106201110537933
              ],
              [
                72.3374032448062,
                10.106018004035446
              ],
              [
                72.33783049059318,
                10.105407653125948
              ],
              [
                72.3381967008068,
                10.105041442334567
              ],
              [
                72.33819670091012,
                10.104614196298344
              ],
              [
                72.33801359519812,
                10.104003843804382
              ],
              [
                72.33722013881086,
                10.103027281749137
              ],
              [
                72.3367928930692,
                10.102233825346953
              ],
              [
                72.33624357753403,
                10.100830016321195
              ],
              [
                72.33538908627658,
                10.099792418048139
              ]
            ]
          ],
          [
            [
              [
                73.66040067448849,
                10.153991682046167
              ],
              [
                73.66040067424181,
                10.153015120309604
              ],
              [
                73.66082792021476,
                10.151611311283292
              ],
              [
                73.66101102510504,
                10.150390608621988
              ],
              [
                73.66119413112611,
                10.14923094002477
              ],
              [
                73.66162137724282,
                10.147582991203771
              ],
              [
                73.66198758781707,
                10.146606428265994
              ],
              [
                73.66259793864093,
                10.145385725589025
              ],
              [
                73.66302518508513,
                10.144836409457229
              ],
              [
                73.66339139582989,
                10.143188460623053
              ],
              [
                73.66400174756443,
                10.141784651124038
              ],
              [
                73.66418485236208,
                10.14099119454191
              ],
              [
                73.66418485298237,
                10.139404280517542
              ],
              [
                73.66381864149382,
                10.138183577037585
              ],
              [
                73.66339139576736,
                10.136230452466945
              ],
              [
                73.66320829109179,
                10.13543699576421
              ],
              [
                73.66284208073212,
                10.134216292500259
              ],
              [
                73.66241483483176,
                10.133239728880834
              ],
              [
                73.66198758843326,
                10.132019026113106
              ],
              [
                73.66162137782078,
                10.130432112683003
              ],
              [
                73.66119413199957,
                10.129638654893665
              ],
              [
                73.66082792115536,
                10.129211408965467
              ],
              [
                73.66040067490553,
                10.129028303167708
              ],
              [
                73.66003446453753,
                10.129028303159297
              ],
              [
                73.65979032354339,
                10.129028303202047
              ],
              [
                73.65979032293468,
                10.12921140938629
              ],
              [
                73.66040067502007,
                10.129638655565628
              ],
              [
                73.66082792117898,
                10.130187971543984
              ],
              [
                73.66082792095095,
                10.131408673917795
              ],
              [
                73.66101102584891,
                10.132385237479932
              ],
              [
                73.66119413146956,
                10.133422834948108
              ],
              [
                73.66162137785422,
                10.13458250301573
              ],
              [
                73.66180448252872,
                10.135803206735783
              ],
              [
                73.66198758811598,
                10.137023909583863
              ],
              [
                73.6622317283423,
                10.138427717463845
              ],
              [
                73.66241483419046,
                10.140441878606023
              ],
              [
                73.66223172869651,
                10.141784651288622
              ],
              [
                73.66198758823441,
                10.143005354168887
              ],
              [
                73.66162137767769,
                10.144409163492123
              ],
              [
                73.66082792094682,
                10.145812971719236
              ],
              [
                73.66040067442162,
                10.147399885047975
              ],
              [
                73.65979032245336,
                10.148193342116079
              ],
              [
                73.6594241121737,
                10.149597151201927
              ],
              [
                73.65924100680179,
                10.15063474923742
              ],
              [
                73.65924100679214,
                10.151611311165194
              ],
              [
                73.65899686620587,
                10.152404768671417
              ],
              [
                73.65863065481275,
                10.153198225212149
              ],
              [
                73.65838651384936,
                10.153625471465608
              ],
              [
                73.6582034091882,
                10.153198225405596
              ],
              [
                73.65838651439611,
                10.152832014374923
              ],
              [
                73.65838651446111,
                10.15240476804747
              ],
              [
                73.65802030382984,
                10.152221663412593
              ],
              [
                73.65783719781749,
                10.152404768545933
              ],
              [
                73.65759305757726,
                10.152832013884035
              ],
              [
                73.65759305681296,
                10.153625471429244
              ],
              [
                73.65783719805712,
                10.154418928559553
              ],
              [
                73.6582034090005,
                10.154785139039763
              ],
              [
                73.65899686579463,
                10.155212385523477
              ],
              [
                73.65960721750979,
                10.155212385018773
              ],
              [
                73.66003446373655,
                10.15502928008645
              ],
              [
                73.66021756883248,
                10.154602034135744
              ],
              [
                73.66040067448849,
                10.153991682046167
              ]
            ]
          ],
          [
            [
              [
                72.32843108082166,
                10.138427671244557
              ],
              [
                72.32843108061256,
                10.138183531880085
              ],
              [
                72.3284310806264,
                10.138000425575001
              ],
              [
                72.32843108052737,
                10.137817320164347
              ],
              [
                72.32861418530393,
                10.137634214941436
              ],
              [
                72.32879729149882,
                10.1372069681304
              ],
              [
                72.3290414316968,
                10.137023863630938
              ],
              [
                72.3294076422249,
                10.13684075769469
              ],
              [
                72.32959074833688,
                10.136230406892038
              ],
              [
                72.3298348882339,
                10.13598626577588
              ],
              [
                72.32983488795259,
                10.135620054618885
              ],
              [
                72.33001799404438,
                10.135192808507217
              ],
              [
                72.33020109823491,
                10.134399351304992
              ],
              [
                72.33062834434912,
                10.133788999246285
              ],
              [
                72.33099455501582,
                10.133239683716857
              ],
              [
                72.3314218011002,
                10.132995542486054
              ],
              [
                72.33160490659925,
                10.132812437388742
              ],
              [
                72.33178801162754,
                10.13238519159967
              ],
              [
                72.33178801186185,
                10.132018980557072
              ],
              [
                72.3317880118857,
                10.131225524068002
              ],
              [
                72.33203215271985,
                10.130615171986795
              ],
              [
                72.33203215228848,
                10.13018792540287
              ],
              [
                72.33221525749737,
                10.129821714963013
              ],
              [
                72.33239836309625,
                10.129638609419507
              ],
              [
                72.3326425038544,
                10.129394468568524
              ],
              [
                72.33264250469082,
                10.129028257739684
              ],
              [
                72.33282560946121,
                10.128601012197402
              ],
              [
                72.33300871364864,
                10.128417907227005
              ],
              [
                72.3331918203531,
                10.128234801156669
              ],
              [
                72.33319181976107,
                10.127990660855097
              ],
              [
                72.33300871437571,
                10.127807555022766
              ],
              [
                72.33300871385813,
                10.127624449437306
              ],
              [
                72.33264250460704,
                10.127624449873347
              ],
              [
                72.33239836367453,
                10.127807554583903
              ],
              [
                72.33221525805575,
                10.128234800628805
              ],
              [
                72.33203215259606,
                10.128601011744333
              ],
              [
                72.3317880122001,
                10.128784117815082
              ],
              [
                72.33142180119704,
                10.12921136337638
              ],
              [
                72.33099455517906,
                10.12939446892989
              ],
              [
                72.33020109902287,
                10.129638609723443
              ],
              [
                72.32983488845213,
                10.129394468536411
              ],
              [
                72.32959074857041,
                10.129394468298148
              ],
              [
                72.32922453742324,
                10.129211363693999
              ],
              [
                72.32879729250418,
                10.129211363410988
              ],
              [
                72.32843108163382,
                10.129211363703924
              ],
              [
                72.32763762472275,
                10.129211363471255
              ],
              [
                72.32739348367186,
                10.129394468201156
              ],
              [
                72.32721037908142,
                10.129638609537846
              ],
              [
                72.32721037882088,
                10.129821714256774
              ],
              [
                72.3272103793256,
                10.13000482078811
              ],
              [
                72.32702727327019,
                10.130432066249059
              ],
              [
                72.32721037898514,
                10.130615171384973
              ],
              [
                72.32739348398448,
                10.130798277460968
              ],
              [
                72.32763762436011,
                10.13104241721653
              ],
              [
                72.32782072985158,
                10.131225523455962
              ],
              [
                72.3278207291772,
                10.131408628467968
              ],
              [
                72.32818694047211,
                10.132018980405023
              ],
              [
                72.32818694052858,
                10.132202085616548
              ],
              [
                72.3281869404722,
                10.132385191722449
              ],
              [
                72.32818694033718,
                10.132812437822228
              ],
              [
                72.32818693975581,
                10.134033140529208
              ],
              [
                72.3281869397156,
                10.13421624666264
              ],
              [
                72.32818694032004,
                10.134582457166468
              ],
              [
                72.32800383502129,
                10.134826597150091
              ],
              [
                72.32800383539306,
                10.13500970322208
              ],
              [
                72.32800383479812,
                10.135192808376347
              ],
              [
                72.32782072954456,
                10.135620054755297
              ],
              [
                72.32782072924303,
                10.135986265834566
              ],
              [
                72.32763762456965,
                10.136596617505765
              ],
              [
                72.32739348336908,
                10.137023863666736
              ],
              [
                72.32739348324951,
                10.137206968582866
              ],
              [
                72.32739348378863,
                10.137634214910612
              ],
              [
                72.3276376245814,
                10.138000425750972
              ],
              [
                72.32763762410674,
                10.138183531679031
              ],
              [
                72.3278207290372,
                10.138183531685682
              ],
              [
                72.328003834811,
                10.138427671599885
              ],
              [
                72.32818693969483,
                10.138610777703658
              ],
              [
                72.32843108082166,
                10.138427671244557
              ]
            ]
          ],
          [
            [
              [
                72.64123602569119,
                10.579223585026167
              ],
              [
                72.64160223587638,
                10.579040478489858
              ],
              [
                72.64221258797403,
                10.578796338503897
              ],
              [
                72.64318914972583,
                10.578430127978667
              ],
              [
                72.64398260636952,
                10.578185986891173
              ],
              [
                72.64459295764765,
                10.578002881702155
              ],
              [
                72.64483709814816,
                10.578002882000533
              ],
              [
                72.64502020272931,
                10.578185987089304
              ],
              [
                72.6452033093131,
                10.578185986738221
              ],
              [
                72.64538641414734,
                10.578185987125106
              ],
              [
                72.64563055488384,
                10.578002882060957
              ],
              [
                72.64581365980212,
                10.578002882111054
              ],
              [
                72.64624090508924,
                10.578185987213185
              ],
              [
                72.64660711578786,
                10.578185986648267
              ],
              [
                72.64703436152844,
                10.577819775715696
              ],
              [
                72.64740057296032,
                10.577209425147151
              ],
              [
                72.64782781850276,
                10.576599072756744
              ],
              [
                72.64819402945403,
                10.576232862371834
              ],
              [
                72.64898748578321,
                10.57519526440398
              ],
              [
                72.64959783809238,
                10.574401806884165
              ],
              [
                72.65020818907313,
                10.572997999416987
              ],
              [
                72.65081853982728,
                10.57183833154169
              ],
              [
                72.6510016458527,
                10.57098383876308
              ],
              [
                72.65118475084684,
                10.569824171306122
              ],
              [
                72.65118475125223,
                10.569030713807791
              ],
              [
                72.65118475115146,
                10.56842036259513
              ],
              [
                72.65081854071565,
                10.567626905342596
              ],
              [
                72.6506354356974,
                10.566589307465751
              ],
              [
                72.65039129518384,
                10.566406201911954
              ],
              [
                72.65020818964086,
                10.565795850203934
              ],
              [
                72.65020819015345,
                10.565185498792925
              ],
              [
                72.65020818963959,
                10.564819288116633
              ],
              [
                72.65002508397403,
                10.564208936436597
              ],
              [
                72.6498419790869,
                10.563598585230869
              ],
              [
                72.64959783813687,
                10.563232373890367
              ],
              [
                72.64923162780167,
                10.562988233196334
              ],
              [
                72.64880438202552,
                10.562622021959555
              ],
              [
                72.64782781921389,
                10.562011671409708
              ],
              [
                72.64721746862084,
                10.561584425106048
              ],
              [
                72.64660711700536,
                10.561035108190845
              ],
              [
                72.64581366078446,
                10.560790968257685
              ],
              [
                72.644592958498,
                10.560424757225325
              ],
              [
                72.64398260783256,
                10.56042475724691
              ],
              [
                72.64361639682393,
                10.560241650435433
              ],
              [
                72.64318915071608,
                10.560241650627814
              ],
              [
                72.64221258871255,
                10.559997511068442
              ],
              [
                72.6414191320268,
                10.559387158731344
              ],
              [
                72.64044257120703,
                10.559020947768364
              ],
              [
                72.64001532359387,
                10.558593701681646
              ],
              [
                72.63922186783468,
                10.558410596249082
              ],
              [
                72.63879462163396,
                10.558410596604515
              ],
              [
                72.63818427140887,
                10.558227490210845
              ],
              [
                72.63763495470856,
                10.55798334992209
              ],
              [
                72.63684149823753,
                10.557617138875756
              ],
              [
                72.63623114763605,
                10.557189892806347
              ],
              [
                72.63519355016338,
                10.556640576502694
              ],
              [
                72.63440009374895,
                10.555786084210384
              ],
              [
                72.63201972380364,
                10.554016064334737
              ],
              [
                72.63061591596873,
                10.552795361650913
              ],
              [
                72.62921210841161,
                10.55200190417106
              ],
              [
                72.62799140620531,
                10.55102534255954
              ],
              [
                72.626038282073,
                10.549438427753838
              ],
              [
                72.62542793100735,
                10.549011180640342
              ],
              [
                72.62481758026951,
                10.548583935368917
              ],
              [
                72.62420722825719,
                10.548034619018868
              ],
              [
                72.62384101776081,
                10.547607373360876
              ],
              [
                72.62359687730788,
                10.546997021298948
              ],
              [
                72.62341377255872,
                10.546630809863618
              ],
              [
                72.62298652603633,
                10.546203564209268
              ],
              [
                72.62262031545825,
                10.54583735262114
              ],
              [
                72.62200996420363,
                10.545410106663944
              ],
              [
                72.62158271872924,
                10.544799755478907
              ],
              [
                72.62139961320347,
                10.544616650063267
              ],
              [
                72.62121650738185,
                10.544189403452116
              ],
              [
                72.62078926205672,
                10.543823192822565
              ],
              [
                72.6204230510515,
                10.543395946817375
              ],
              [
                72.62023994604345,
                10.543212841866884
              ],
              [
                72.61999580521913,
                10.543029735701838
              ],
              [
                72.61962959429412,
                10.542785595717115
              ],
              [
                72.61920234852761,
                10.54260249007384
              ],
              [
                72.61859199808517,
                10.541992137998758
              ],
              [
                72.61822578709811,
                10.541992137516994
              ],
              [
                72.61804268190049,
                10.541809032845483
              ],
              [
                72.61761543613747,
                10.541809033009496
              ],
              [
                72.61718818992672,
                10.541809032560318
              ],
              [
                72.61718818965637,
                10.541992137791478
              ],
              [
                72.61682197908507,
                10.54223627871796
              ],
              [
                72.6166388747063,
                10.542419384626475
              ],
              [
                72.61639473351121,
                10.542785595893873
              ],
              [
                72.61639473324425,
                10.543212841853748
              ],
              [
                72.6163947336469,
                10.543395946771431
              ],
              [
                72.61639473361811,
                10.543823192757001
              ],
              [
                72.61639473371095,
                10.544006298570057
              ],
              [
                72.61682197948491,
                10.544433544358554
              ],
              [
                72.6170050847626,
                10.54479975561987
              ],
              [
                72.61743233049187,
                10.545227002020095
              ],
              [
                72.61761543564312,
                10.545593212925688
              ],
              [
                72.61804268135226,
                10.546020459042778
              ],
              [
                72.6184088920619,
                10.54620356375916
              ],
              [
                72.61883613820424,
                10.546386669461917
              ],
              [
                72.61901924354947,
                10.546630809971024
              ],
              [
                72.61938545463147,
                10.546630810013923
              ],
              [
                72.61981270007166,
                10.546813916095697
              ],
              [
                72.61999580512811,
                10.546813916209254
              ],
              [
                72.62023994551868,
                10.546997021060529
              ],
              [
                72.62042305081631,
                10.54724116182848
              ],
              [
                72.62078926150036,
                10.547424266712756
              ],
              [
                72.62103340268153,
                10.547424266442732
              ],
              [
                72.62139961347533,
                10.547607372817719
              ],
              [
                72.62182685868098,
                10.547790477965979
              ],
              [
                72.62200996432026,
                10.547790478206231
              ],
              [
                72.62243720963886,
                10.547790478007308
              ],
              [
                72.62262031555741,
                10.54779047788665
              ],
              [
                72.62280342065552,
                10.547790477633642
              ],
              [
                72.62323066586823,
                10.54779047810545
              ],
              [
                72.62359687677613,
                10.548217724049863
              ],
              [
                72.62420722896081,
                10.54882807575234
              ],
              [
                72.62463447387994,
                10.549438427838327
              ],
              [
                72.62481757992923,
                10.549621533146857
              ],
              [
                72.62500068519634,
                10.549987743702745
              ],
              [
                72.62542793060396,
                10.550598096202664
              ],
              [
                72.62561103679383,
                10.551025342278688
              ],
              [
                72.6260382823842,
                10.552001903752283
              ],
              [
                72.62622138724733,
                10.552429149821196
              ],
              [
                72.62658759795242,
                10.553039501844715
              ],
              [
                72.62683173884406,
                10.553405713235657
              ],
              [
                72.62719794923639,
                10.554016064526396
              ],
              [
                72.62799140577968,
                10.55499262692925
              ],
              [
                72.62902900224788,
                10.556396435314511
              ],
              [
                72.62982245908537,
                10.55761713865575
              ],
              [
                72.63061591564109,
                10.558837842002152
              ],
              [
                72.63104316109401,
                10.559631298935944
              ],
              [
                72.63183661784252,
                10.5606078616117
              ],
              [
                72.63220282785244,
                10.561401318682202
              ],
              [
                72.63281317978567,
                10.56219477571027
              ],
              [
                72.63299628459991,
                10.562438916085586
              ],
              [
                72.63360663608087,
                10.563415478423712
              ],
              [
                72.6348273382274,
                10.56542963822889
              ],
              [
                72.63598700608705,
                10.567626904098848
              ],
              [
                72.63641425181751,
                10.568420361638596
              ],
              [
                72.6368414968396,
                10.569030713120846
              ],
              [
                72.63720770828125,
                10.569396924167426
              ],
              [
                72.6376349535741,
                10.57043452126479
              ],
              [
                72.63800116431753,
                10.57098383826916
              ],
              [
                72.63818426993546,
                10.571838330989898
              ],
              [
                72.63842841039177,
                10.57202143531459
              ],
              [
                72.6387946212849,
                10.572814892531088
              ],
              [
                72.63922186680917,
                10.573425244400731
              ],
              [
                72.63958807728943,
                10.574035596879162
              ],
              [
                72.63958807761045,
                10.57421870169699
              ],
              [
                72.63983221788396,
                10.575195263700914
              ],
              [
                72.63983221782773,
                10.57562251063481
              ],
              [
                72.64019842903643,
                10.576782178863631
              ],
              [
                72.6404425698876,
                10.57739252946772
              ],
              [
                72.64062567457484,
                10.578185986360817
              ],
              [
                72.64044256990435,
                10.578796338688132
              ],
              [
                72.6404425692653,
                10.579040478407578
              ],
              [
                72.64062567435083,
                10.579040478475852
              ],
              [
                72.64099188539414,
                10.579223584693553
              ],
              [
                72.64123602569119,
                10.579223585026167
              ]
            ]
          ],
          [
            [
              [
                73.66638210171594,
                10.81738279415821
              ],
              [
                73.66803004994868,
                10.81719968944264
              ],
              [
                73.6690066133134,
                10.81719968914471
              ],
              [
                73.66980007024067,
                10.817016584833938
              ],
              [
                73.67041042105525,
                10.816589337576605
              ],
              [
                73.67059352654994,
                10.816589337751557
              ],
              [
                73.67120387742112,
                10.816833478760648
              ],
              [
                73.67199733435045,
                10.816833478801058
              ],
              [
                73.67279079077176,
                10.816589337350495
              ],
              [
                73.67401149335063,
                10.81658933743949
              ],
              [
                73.67498805692816,
                10.816589337909482
              ],
              [
                73.67541530258376,
                10.816406233012385
              ],
              [
                73.67602565447581,
                10.816223127495626
              ],
              [
                73.67639186484911,
                10.816040021610148
              ],
              [
                73.6771853219496,
                10.816406232914673
              ],
              [
                73.67779567263173,
                10.81683347836449
              ],
              [
                73.6785891296249,
                10.816833478873006
              ],
              [
                73.6791994816482,
                10.816833478810382
              ],
              [
                73.6798098326457,
                10.816833478375633
              ],
              [
                73.68042018435938,
                10.8165893379204
              ],
              [
                73.68103053542295,
                10.81640623305031
              ],
              [
                73.68164088644797,
                10.816223127364685
              ],
              [
                73.6832278000375,
                10.816406233243328
              ],
              [
                73.68438746806387,
                10.816406232587594
              ],
              [
                73.68560817111269,
                10.816223128184362
              ],
              [
                73.68621852266335,
                10.816223128268566
              ],
              [
                73.6865847336196,
                10.816223127722067
              ],
              [
                73.68701197931482,
                10.816223127854252
              ],
              [
                73.68719508460775,
                10.81622312759579
              ],
              [
                73.68762233057387,
                10.816406232818823
              ],
              [
                73.68798854101507,
                10.816406232477304
              ],
              [
                73.68841578746684,
                10.816589337945736
              ],
              [
                73.68878199783619,
                10.816589337669226
              ],
              [
                73.6890261388274,
                10.816589338151188
              ],
              [
                73.69061305295084,
                10.816589337718892
              ],
              [
                73.69122340439449,
                10.816589337931674
              ],
              [
                73.69183375571835,
                10.816589337794056
              ],
              [
                73.69262721171305,
                10.81640623315671
              ],
              [
                73.69421412605585,
                10.816589337661403
              ],
              [
                73.6954348280236,
                10.816406232923715
              ],
              [
                73.69641139123505,
                10.816406233091495
              ],
              [
                73.69799830449656,
                10.816223127808515
              ],
              [
                73.69940211276902,
                10.816223127690522
              ],
              [
                73.70019556911268,
                10.816040021928181
              ],
              [
                73.70098902700984,
                10.815612775869768
              ],
              [
                73.70141627310197,
                10.815185530063172
              ],
              [
                73.7015993779333,
                10.814636213613925
              ],
              [
                73.70159937758714,
                10.814025862073246
              ],
              [
                73.70141627323525,
                10.813598615787534
              ],
              [
                73.7014162728295,
                10.813415509945656
              ],
              [
                73.70141627323487,
                10.813232405022072
              ],
              [
                73.70141627276678,
                10.812988264503758
              ],
              [
                73.70123316743266,
                10.812622053314962
              ],
              [
                73.70080592111947,
                10.81243894776187
              ],
              [
                73.70019556934703,
                10.811828595769725
              ],
              [
                73.69982935990903,
                10.811584456047417
              ],
              [
                73.6990359022711,
                10.811218245227959
              ],
              [
                73.69879176214423,
                10.811401349715657
              ],
              [
                73.69799830527728,
                10.81121824536133
              ],
              [
                73.69641139098198,
                10.810790999020945
              ],
              [
                73.69561793464645,
                10.810607892991495
              ],
              [
                73.69464137212759,
                10.810241682200306
              ],
              [
                73.693786880322,
                10.809814435735111
              ],
              [
                73.69281031793169,
                10.809631330799801
              ],
              [
                73.69262721189746,
                10.809631330719457
              ],
              [
                73.69183375577136,
                10.809387189988616
              ],
              [
                73.69018580684751,
                10.808837873642227
              ],
              [
                73.68798854123854,
                10.807617170167351
              ],
              [
                73.68579127697824,
                10.806823712997561
              ],
              [
                73.68420436377205,
                10.806030256133466
              ],
              [
                73.68341090650057,
                10.805786115945885
              ],
              [
                73.68103053487995,
                10.804992659196335
              ],
              [
                73.67980983240362,
                10.80480955261911
              ],
              [
                73.67822291878926,
                10.804199201864181
              ],
              [
                73.67718532204539,
                10.804016095329102
              ],
              [
                73.67559840913083,
                10.80383299029299
              ],
              [
                73.67462184554704,
                10.80358884994295
              ],
              [
                73.67303493258039,
                10.80358884924944
              ],
              [
                73.67163112332507,
                10.80383299034787
              ],
              [
                73.67041042104766,
                10.803832990793962
              ],
              [
                73.66961696376558,
                10.804016095467677
              ],
              [
                73.6686404023694,
                10.804199201865252
              ],
              [
                73.66723659341775,
                10.804382306889105
              ],
              [
                73.66583278573133,
                10.804809552533044
              ],
              [
                73.66363552038139,
                10.805419904684513
              ],
              [
                73.66241481832338,
                10.806396466175936
              ],
              [
                73.66119411497678,
                10.807434064261829
              ],
              [
                73.66082790390399,
                10.807983380235441
              ],
              [
                73.66021755273361,
                10.80938718917257
              ],
              [
                73.6597903061267,
                10.810790998779236
              ],
              [
                73.65960720132666,
                10.811828595087428
              ],
              [
                73.65942409512728,
                10.81298826346989
              ],
              [
                73.65942409509833,
                10.813598615775746
              ],
              [
                73.65960720133387,
                10.814208966022276
              ],
              [
                73.65979030672986,
                10.815002423544994
              ],
              [
                73.6602175518454,
                10.815612775617055
              ],
              [
                73.66058376358052,
                10.816223127102267
              ],
              [
                73.66143825523042,
                10.816589337183565
              ],
              [
                73.66180446567463,
                10.816833478545373
              ],
              [
                73.66284206317474,
                10.81701658423313
              ],
              [
                73.66363552010759,
                10.817199689150318
              ],
              [
                73.66479518809142,
                10.817199689187547
              ],
              [
                73.66540553862977,
                10.817199689880105
              ],
              [
                73.66638210171594,
                10.81738279415821
              ]
            ]
          ],
          [
            [
              [
                72.16864110372319,
                10.815002364787903
              ],
              [
                72.16864110401437,
                10.814819259885457
              ],
              [
                72.1683969634826,
                10.81463615363008
              ],
              [
                72.16839696278399,
                10.814208907908874
              ],
              [
                72.16821385869191,
                10.81378166218606
              ],
              [
                72.16839696324264,
                10.813598557460686
              ],
              [
                72.16839696304605,
                10.813415450892238
              ],
              [
                72.1686411041111,
                10.813232345721637
              ],
              [
                72.16882420925413,
                10.812988205018145
              ],
              [
                72.16900731461767,
                10.812805100193767
              ],
              [
                72.16882420936713,
                10.812621994206113
              ],
              [
                72.1683969634209,
                10.812621993936576
              ],
              [
                72.16803075234084,
                10.812438889256414
              ],
              [
                72.16778661291538,
                10.812438888794711
              ],
              [
                72.16760350662167,
                10.812438888936882
              ],
              [
                72.16723729610678,
                10.812438888940115
              ],
              [
                72.16681005094627,
                10.812621994192092
              ],
              [
                72.16619969871677,
                10.812621993769303
              ],
              [
                72.1660165939517,
                10.812621993780029
              ],
              [
                72.16522313801971,
                10.812438888874041
              ],
              [
                72.16504003200487,
                10.812438889221944
              ],
              [
                72.16479589196071,
                10.812621993825918
              ],
              [
                72.16479589209423,
                10.812805099602565
              ],
              [
                72.16461278598753,
                10.812988205203565
              ],
              [
                72.16479589177091,
                10.813232345812175
              ],
              [
                72.16504003185504,
                10.813415450683372
              ],
              [
                72.16540624259511,
                10.81359855681255
              ],
              [
                72.16558934854203,
                10.814025802988452
              ],
              [
                72.1661996988967,
                10.814392013429691
              ],
              [
                72.16638280484898,
                10.81439201416091
              ],
              [
                72.16699315536978,
                10.814636154255542
              ],
              [
                72.16723729618344,
                10.814636154090136
              ],
              [
                72.1676035067678,
                10.81463615433917
              ],
              [
                72.16778661264429,
                10.814636154310033
              ],
              [
                72.16803075243126,
                10.814819259871639
              ],
              [
                72.16821385862733,
                10.814819259671445
              ],
              [
                72.16839696353858,
                10.815002365012464
              ],
              [
                72.16864110372319,
                10.815002364787903
              ]
            ]
          ],
          [
            [
              [
                72.20422456716642,
                10.878234788915636
              ],
              [
                72.20440767257985,
                10.87823478925184
              ],
              [
                72.2048349179816,
                10.878417895002057
              ],
              [
                72.20538423480238,
                10.878417894795774
              ],
              [
                72.20581148001303,
                10.878417895380382
              ],
              [
                72.20599458495742,
                10.8782347894323
              ],
              [
                72.20623872568589,
                10.877990649246223
              ],
              [
                72.20642183096956,
                10.877807543548506
              ],
              [
                72.20642183067477,
                10.87744133243881
              ],
              [
                72.20623872660681,
                10.87658683984759
              ],
              [
                72.2059945850859,
                10.876220628831819
              ],
              [
                72.20581148041916,
                10.875427172612296
              ],
              [
                72.20520112938108,
                10.87420646915159
              ],
              [
                72.2044076726328,
                10.872802659702238
              ],
              [
                72.20379732216442,
                10.871581957516097
              ],
              [
                72.20343111224878,
                10.870422288778213
              ],
              [
                72.20263765584473,
                10.86920158627396
              ],
              [
                72.20221040944939,
                10.868408129220366
              ],
              [
                72.20160005862401,
                10.867614671798417
              ],
              [
                72.20123384773096,
                10.866821214956584
              ],
              [
                72.20044039138284,
                10.865234300509684
              ],
              [
                72.1998300406419,
                10.864196702743905
              ],
              [
                72.19921968937335,
                10.863037034526638
              ],
              [
                72.19824312713675,
                10.861633227057522
              ],
              [
                72.19720553122386,
                10.859985277775749
              ],
              [
                72.19641207501077,
                10.859008715054468
              ],
              [
                72.19580172340272,
                10.857788011412548
              ],
              [
                72.19500826695003,
                10.856811448478373
              ],
              [
                72.19464205624584,
                10.856201097299696
              ],
              [
                72.1940317062791,
                10.855407640232272
              ],
              [
                72.19342135484537,
                10.854431077147044
              ],
              [
                72.19281100378691,
                10.853637620131684
              ],
              [
                72.19220065234282,
                10.852416917361616
              ],
              [
                72.19140719617813,
                10.851440354995818
              ],
              [
                72.19079684540043,
                10.850830003237624
              ],
              [
                72.19043063476704,
                10.849792405258565
              ],
              [
                72.18982028380817,
                10.849182054712022
              ],
              [
                72.18902682745617,
                10.847839280371385
              ],
              [
                72.18823337111746,
                10.846191331402535
              ],
              [
                72.1876230201722,
                10.845214769529603
              ],
              [
                72.18701266909011,
                10.844238205908304
              ],
              [
                72.18658542391468,
                10.843383714020268
              ],
              [
                72.1862192132845,
                10.842590256939157
              ],
              [
                72.18560886134945,
                10.84143058938183
              ],
              [
                72.18499851134541,
                10.840820237137272
              ],
              [
                72.18438816013551,
                10.839416429367922
              ],
              [
                72.18383884398796,
                10.838195726115893
              ],
              [
                72.18359470324985,
                10.838012619510192
              ],
              [
                72.18322849282622,
                10.837036058030701
              ],
              [
                72.18261814151934,
                10.835998460313252
              ],
              [
                72.1821908955347,
                10.835388108600188
              ],
              [
                72.18182468551224,
                10.834228441065214
              ],
              [
                72.18139743954085,
                10.833434983879517
              ],
              [
                72.18139743954005,
                10.832824631934841
              ],
              [
                72.18103122886934,
                10.831787033976756
              ],
              [
                72.18078708946675,
                10.830993576862255
              ],
              [
                72.18042087827827,
                10.830383225719086
              ],
              [
                72.17999363339334,
                10.829589768413475
              ],
              [
                72.17962742264758,
                10.82861320558292
              ],
              [
                72.17883396610081,
                10.827636643705052
              ],
              [
                72.1782236148479,
                10.826599045930777
              ],
              [
                72.17761326371188,
                10.825988694687306
              ],
              [
                72.17700291252667,
                10.825195236924918
              ],
              [
                72.1766367016855,
                10.824584885473264
              ],
              [
                72.17620945601537,
                10.824401779479562
              ],
              [
                72.17584324548382,
                10.823791428161991
              ],
              [
                72.17523289551919,
                10.822997971194365
              ],
              [
                72.17498875465807,
                10.822814865714156
              ],
              [
                72.17443943901543,
                10.822021408496896
              ],
              [
                72.17382908781883,
                10.821227951587007
              ],
              [
                72.173401841385,
                10.82061760048883
              ],
              [
                72.17279149064947,
                10.820190354275898
              ],
              [
                72.17279149011678,
                10.819824143101375
              ],
              [
                72.17224217445113,
                10.819396897625914
              ],
              [
                72.17138768307892,
                10.818603439935835
              ],
              [
                72.17083836708547,
                10.81823722893828
              ],
              [
                72.17059422698445,
                10.817993088419112
              ],
              [
                72.17022801660644,
                10.8179930878808
              ],
              [
                72.16998387561136,
                10.817993088440357
              ],
              [
                72.1698007707735,
                10.818237229274503
              ],
              [
                72.17059422710983,
                10.819213791299486
              ],
              [
                72.17083836660751,
                10.819396896950016
              ],
              [
                72.17102147290177,
                10.81982414319414
              ],
              [
                72.1713876828853,
                10.820434494501104
              ],
              [
                72.17279148993545,
                10.822387619679194
              ],
              [
                72.17382908719092,
                10.823791428060765
              ],
              [
                72.17480564842901,
                10.825012131047517
              ],
              [
                72.17541600012558,
                10.825805588666517
              ],
              [
                72.17639256178349,
                10.827209397174178
              ],
              [
                72.17718601786582,
                10.82843010086763
              ],
              [
                72.17804050977121,
                10.829223557491503
              ],
              [
                72.17901707041,
                10.830627365641618
              ],
              [
                72.17962742241014,
                10.83203117495491
              ],
              [
                72.18042087799017,
                10.833434983816709
              ],
              [
                72.1807870887022,
                10.834228440756402
              ],
              [
                72.18164158003134,
                10.835998459757683
              ],
              [
                72.18219089585068,
                10.837402268586997
              ],
              [
                72.18280124723648,
                10.839233323047448
              ],
              [
                72.18359470287247,
                10.840637132113615
              ],
              [
                72.18402194896927,
                10.841613695210453
              ],
              [
                72.18481540520082,
                10.843017503260272
              ],
              [
                72.18524265056635,
                10.843383713682393
              ],
              [
                72.18579196752388,
                10.844604416613164
              ],
              [
                72.1864023180242,
                10.845825119652032
              ],
              [
                72.18701266892704,
                10.846801682933833
              ],
              [
                72.18743991479253,
                10.84802238597804
              ],
              [
                72.18798923036701,
                10.848998948289836
              ],
              [
                72.18841647619874,
                10.849792405594544
              ],
              [
                72.18859958159803,
                10.850830003395593
              ],
              [
                72.18878268593113,
                10.851989671230703
              ],
              [
                72.18920993229507,
                10.853637619983123
              ],
              [
                72.18963717770413,
                10.85479728795604
              ],
              [
                72.190186494189,
                10.856201097608775
              ],
              [
                72.19043063338282,
                10.857604905654467
              ],
              [
                72.19079684397512,
                10.85864250354753
              ],
              [
                72.19104098459671,
                10.85980217171973
              ],
              [
                72.19122409059739,
                10.860229417096512
              ],
              [
                72.19122409086863,
                10.861205980451778
              ],
              [
                72.19140719571543,
                10.861205980116724
              ],
              [
                72.1915903003899,
                10.861999437509418
              ],
              [
                72.19159030048108,
                10.86260978802082
              ],
              [
                72.19220065147526,
                10.863586351190927
              ],
              [
                72.19238375681823,
                10.864440843025212
              ],
              [
                72.19238375665053,
                10.864990159252383
              ],
              [
                72.19299410799208,
                10.866821214419208
              ],
              [
                72.19299410764752,
                10.867431566455329
              ],
              [
                72.19323824882377,
                10.868041917268247
              ],
              [
                72.19378756405006,
                10.869384691169344
              ],
              [
                72.19421480921612,
                10.870605394547454
              ],
              [
                72.1943979158934,
                10.871032640542916
              ],
              [
                72.19482516112413,
                10.871581956586542
              ],
              [
                72.1956186176291,
                10.872436448592383
              ],
              [
                72.19598482771947,
                10.87280265938467
              ],
              [
                72.19622896751773,
                10.872985765550824
              ],
              [
                72.19702242403338,
                10.874023362647815
              ],
              [
                72.19763277546113,
                10.87463371501508
              ],
              [
                72.19799898666339,
                10.875183030699837
              ],
              [
                72.19921968860696,
                10.876403735120729
              ],
              [
                72.19958589898596,
                10.876830980891539
              ],
              [
                72.2006234959271,
                10.878234789250703
              ],
              [
                72.20080660110379,
                10.878600999559396
              ],
              [
                72.20098970699385,
                10.87860099952798
              ],
              [
                72.20141695228496,
                10.87860099955508
              ],
              [
                72.20178316290385,
                10.878600999477186
              ],
              [
                72.20239351390235,
                10.878417894624814
              ],
              [
                72.20282075951467,
                10.878417895103269
              ],
              [
                72.20318696985245,
                10.878234789026925
              ],
              [
                72.20343111100038,
                10.878234789137766
              ],
              [
                72.2037973221109,
                10.878234788905536
              ],
              [
                72.20422456716642,
                10.878234788915636
              ]
            ]
          ],
          [
            [
              [
                72.29223719328878,
                10.94622795877405
              ],
              [
                72.29260340470853,
                10.945983818666667
              ],
              [
                72.29321375648452,
                10.946227958819819
              ],
              [
                72.29339686058098,
                10.945983818822963
              ],
              [
                72.29339686071842,
                10.94580071249578
              ],
              [
                72.29321375625476,
                10.94580071268708
              ],
              [
                72.29278651044936,
                10.945800712031282
              ],
              [
                72.29223719361227,
                10.945800712802619
              ],
              [
                72.29162684328941,
                10.94580071259646
              ],
              [
                72.29119959644842,
                10.945800712272863
              ],
              [
                72.29101649119195,
                10.945800711958112
              ],
              [
                72.29083338690067,
                10.945800712450941
              ],
              [
                72.29040614012557,
                10.945617606899951
              ],
              [
                72.29022303525701,
                10.945190361475598
              ],
              [
                72.28961268375916,
                10.944641044191052
              ],
              [
                72.28942957904428,
                10.944030693321048
              ],
              [
                72.28942957897696,
                10.943420341457509
              ],
              [
                72.28979578969347,
                10.94238274347332
              ],
              [
                72.29003992992415,
                10.941406181538706
              ],
              [
                72.29022303548338,
                10.940612724530963
              ],
              [
                72.29040614024463,
                10.939819267611108
              ],
              [
                72.29058924650433,
                10.9392089157851
              ],
              [
                72.29119959752794,
                10.938598564588114
              ],
              [
                72.29199305375322,
                10.937988212802665
              ],
              [
                72.29242030059106,
                10.937622001080394
              ],
              [
                72.29260340484372,
                10.93719475517916
              ],
              [
                72.29260340559962,
                10.93682854444441
              ],
              [
                72.29242030046579,
                10.936584404547842
              ],
              [
                72.29199305390158,
                10.93658440447454
              ],
              [
                72.29162684400492,
                10.936401298840227
              ],
              [
                72.29119959764714,
                10.936035087464123
              ],
              [
                72.2905892468462,
                10.935790947561909
              ],
              [
                72.29003992972682,
                10.935607841638848
              ],
              [
                72.28942957952813,
                10.935424736375605
              ],
              [
                72.28881922761255,
                10.935424736208592
              ],
              [
                72.28820887751485,
                10.935424736608391
              ],
              [
                72.28741542074205,
                10.935607841291253
              ],
              [
                72.28680506938497,
                10.935790946968424
              ],
              [
                72.28601161327204,
                10.936035087027127
              ],
              [
                72.28558436711216,
                10.936035087127294
              ],
              [
                72.28521815649098,
                10.936218193382622
              ],
              [
                72.2847909108584,
                10.936401297967201
              ],
              [
                72.28460780620767,
                10.936828544387797
              ],
              [
                72.28460780605818,
                10.937194754993477
              ],
              [
                72.28479091041736,
                10.937988211945111
              ],
              [
                72.28503505154417,
                10.93859856394826
              ],
              [
                72.28521815648777,
                10.939208915271875
              ],
              [
                72.28540126197286,
                10.940185477624247
              ],
              [
                72.2858285072321,
                10.940795829289671
              ],
              [
                72.28601161207834,
                10.941589286226336
              ],
              [
                72.2861947181715,
                10.942382742970038
              ],
              [
                72.28619471841743,
                10.94299309522577
              ],
              [
                72.2864388582136,
                10.944396903710006
              ],
              [
                72.28680506896096,
                10.945190360812308
              ],
              [
                72.28698817415236,
                10.945983817816789
              ],
              [
                72.28723231431061,
                10.946594169445714
              ],
              [
                72.287598525199,
                10.947021414721576
              ],
              [
                72.28784266542941,
                10.947021415135223
              ],
              [
                72.28820887654062,
                10.94659416920262
              ],
              [
                72.28881922725027,
                10.94622795853752
              ],
              [
                72.28900233268939,
                10.94622795864124
              ],
              [
                72.28942957875937,
                10.946227958139836
              ],
              [
                72.29003992937243,
                10.94622795822977
              ],
              [
                72.29058924580083,
                10.946227958586995
              ],
              [
                72.29083338627593,
                10.946227958707645
              ],
              [
                72.29180994788577,
                10.946227958035125
              ],
              [
                72.29223719328878,
                10.94622795877405
              ]
            ]
          ],
          [
            [
              [
                72.32702720902984,
                10.951232843194775
              ],
              [
                72.32702720818193,
                10.950988703226301
              ],
              [
                72.32659996299637,
                10.950988703607594
              ],
              [
                72.32623375249521,
                10.950622492644078
              ],
              [
                72.32544029578665,
                10.950195245471624
              ],
              [
                72.32482994559004,
                10.949584893986973
              ],
              [
                72.32403648884906,
                10.94903557797453
              ],
              [
                72.3232430311796,
                10.948242119905538
              ],
              [
                72.3220223292725,
                10.947204523500682
              ],
              [
                72.32122887245697,
                10.94641106589981
              ],
              [
                72.3204354164456,
                10.945800714578994
              ],
              [
                72.31982506626142,
                10.945434503467482
              ],
              [
                72.31860436345387,
                10.944824152092965
              ],
              [
                72.31762780191956,
                10.94421380002888
              ],
              [
                72.31659020426963,
                10.94378655399025
              ],
              [
                72.31622399446886,
                10.943420342806084
              ],
              [
                72.31561364264351,
                10.943237237835778
              ],
              [
                72.31518639738734,
                10.943420343284703
              ],
              [
                72.31518639702814,
                10.943603448763778
              ],
              [
                72.31518639748484,
                10.943786554269165
              ],
              [
                72.31518639685852,
                10.944396905913376
              ],
              [
                72.31518639719036,
                10.944824152105754
              ],
              [
                72.3151863967233,
                10.945434502915143
              ],
              [
                72.31518639667776,
                10.945800713959954
              ],
              [
                72.3151863972314,
                10.946227960211116
              ],
              [
                72.3151863973214,
                10.946594171285211
              ],
              [
                72.31518639668255,
                10.947204523078799
              ],
              [
                72.31561364288004,
                10.947997980236337
              ],
              [
                72.3157967474437,
                10.94860833055211
              ],
              [
                72.3164070989452,
                10.94903557780078
              ],
              [
                72.3170174501441,
                10.949401787815289
              ],
              [
                72.31720055490656,
                10.949584894268554
              ],
              [
                72.31762780069558,
                10.949584893643156
              ],
              [
                72.31823815245545,
                10.949584893600562
              ],
              [
                72.31860436376618,
                10.949584893864614
              ],
              [
                72.31939781944266,
                10.949584893991833
              ],
              [
                72.32019127618108,
                10.949829034920239
              ],
              [
                72.32098473295602,
                10.949829034826667
              ],
              [
                72.32159508307286,
                10.949829035247562
              ],
              [
                72.32238853990567,
                10.949829034919532
              ],
              [
                72.32342613718262,
                10.950195244963563
              ],
              [
                72.32482994482547,
                10.950439386631276
              ],
              [
                72.32562340193653,
                10.950805597636755
              ],
              [
                72.32623375257359,
                10.950988703173554
              ],
              [
                72.3265999625816,
                10.951232843280897
              ],
              [
                72.32678306852856,
                10.951232843457737
              ],
              [
                72.32702720902984,
                10.951232843194775
              ]
            ]
          ],
          [
            [
              [
                72.33319175526529,
                10.95178216104976
              ],
              [
                72.33300864981932,
                10.95159905451087
              ],
              [
                72.33264243999491,
                10.951599055314528
              ],
              [
                72.33239829927052,
                10.951232843894761
              ],
              [
                72.33203208807696,
                10.950988703933715
              ],
              [
                72.33178794752027,
                10.950622492952137
              ],
              [
                72.33160484288258,
                10.950439386739061
              ],
              [
                72.33142173704404,
                10.950439387265677
              ],
              [
                72.33099449076904,
                10.950439386576164
              ],
              [
                72.3308113861235,
                10.95043938675419
              ],
              [
                72.33062828045311,
                10.950622493149963
              ],
              [
                72.33038414008,
                10.950988703939965
              ],
              [
                72.33020103441375,
                10.951232843534449
              ],
              [
                72.33020103445945,
                10.951415949716207
              ],
              [
                72.33038414036122,
                10.951415949505952
              ],
              [
                72.33081138566457,
                10.951415949411945
              ],
              [
                72.33099449052722,
                10.951599054438251
              ],
              [
                72.33123863207422,
                10.951599054484454
              ],
              [
                72.33142173674561,
                10.951599054566184
              ],
              [
                72.33178794723982,
                10.951782160430644
              ],
              [
                72.33221519305296,
                10.952209407108633
              ],
              [
                72.33264243995757,
                10.95239251163255
              ],
              [
                72.33300864947934,
                10.952636652455112
              ],
              [
                72.33343589576775,
                10.952636652526897
              ],
              [
                72.3334358957787,
                10.952392512249162
              ],
              [
                72.3331917554433,
                10.952026301172046
              ],
              [
                72.33319175526529,
                10.95178216104976
              ]
            ]
          ],
          [
            [
              [
                72.33459556288005,
                10.955017024263674
              ],
              [
                72.33459556309609,
                10.954589777693082
              ],
              [
                72.33459556301933,
                10.9542235666076
              ],
              [
                72.33459556321861,
                10.953796320960736
              ],
              [
                72.33441245771886,
                10.953613214610977
              ],
              [
                72.3342293522525,
                10.953185969330686
              ],
              [
                72.3339852113267,
                10.953002863809045
              ],
              [
                72.33398521142739,
                10.952819757676487
              ],
              [
                72.3338021066138,
                10.952819757749175
              ],
              [
                72.33361900065107,
                10.953002863643192
              ],
              [
                72.3336190011626,
                10.95318596873504
              ],
              [
                72.33380210678267,
                10.953430110378012
              ],
              [
                72.33380210722885,
                10.953613214663196
              ],
              [
                72.33361900126222,
                10.953796321104084
              ],
              [
                72.33343589600773,
                10.95379632049081
              ],
              [
                72.33343589599626,
                10.954040460798272
              ],
              [
                72.33319175554318,
                10.954040461142077
              ],
              [
                72.3328255446497,
                10.954223566449508
              ],
              [
                72.33264243944897,
                10.95422356693552
              ],
              [
                72.33282554425826,
                10.954589777703053
              ],
              [
                72.3330086488682,
                10.95483391821221
              ],
              [
                72.33319175553025,
                10.954833917815566
              ],
              [
                72.33343589574362,
                10.954833917945475
              ],
              [
                72.33380210679114,
                10.954833918225589
              ],
              [
                72.33398521205498,
                10.954589777528675
              ],
              [
                72.33422935253708,
                10.95458977774945
              ],
              [
                72.3342293527052,
                10.954833917664631
              ],
              [
                72.33441245730187,
                10.955017023699291
              ],
              [
                72.33459556288005,
                10.955017024263674
              ]
            ]
          ],
          [
            [
              [
                72.33520591320898,
                10.956237727278582
              ],
              [
                72.33483970294125,
                10.955993586302506
              ],
              [
                72.3344124573941,
                10.955993585643665
              ],
              [
                72.33422935228222,
                10.956237727158634
              ],
              [
                72.33422935266478,
                10.956603937984188
              ],
              [
                72.33422935181848,
                10.956787043371623
              ],
              [
                72.33422935196823,
                10.957397395067414
              ],
              [
                72.33422935257076,
                10.95782464137744
              ],
              [
                72.3339852114842,
                10.958190851613146
              ],
              [
                72.33398521088277,
                10.958434993224223
              ],
              [
                72.33398521173791,
                10.958618097683877
              ],
              [
                72.33398521154736,
                10.95880120390596
              ],
              [
                72.33398521129446,
                10.95898430923442
              ],
              [
                72.33422935194645,
                10.958984308542334
              ],
              [
                72.3344124572708,
                10.95898430922664
              ],
              [
                72.33441245725501,
                10.95880120369641
              ],
              [
                72.33483970254643,
                10.958434993200044
              ],
              [
                72.33502280842355,
                10.958190851905783
              ],
              [
                72.33520591332456,
                10.957641535885495
              ],
              [
                72.33538901934789,
                10.957214288747117
              ],
              [
                72.33538901992193,
                10.956787043054026
              ],
              [
                72.33538901913678,
                10.956420832052535
              ],
              [
                72.33520591320898,
                10.956237727278582
              ]
            ]
          ],
          [
            [
              [
                72.72021544378227,
                11.11383051922245
              ],
              [
                72.72003233797493,
                11.113586379250554
              ],
              [
                72.7196050924182,
                11.113586379315489
              ],
              [
                72.71942198763969,
                11.11401362581765
              ],
              [
                72.71899474129542,
                11.114440871531869
              ],
              [
                72.71862853068862,
                11.114990187074076
              ],
              [
                72.71801817918124,
                11.11560053960877
              ],
              [
                72.71740782865861,
                11.1162108900437
              ],
              [
                72.71740782835488,
                11.116821242248953
              ],
              [
                72.71679747628147,
                11.117797805326653
              ],
              [
                72.7164312657838,
                11.119384719582436
              ],
              [
                72.71643126533326,
                11.11981196505203
              ],
              [
                72.71661437163783,
                11.120239210911631
              ],
              [
                72.71643126539844,
                11.121398878882752
              ],
              [
                72.71661437106819,
                11.122192336611572
              ],
              [
                72.71679747606785,
                11.12359614389369
              ],
              [
                72.71740782785051,
                11.124633742451646
              ],
              [
                72.71820128422715,
                11.126403762556302
              ],
              [
                72.71838438874167,
                11.127014113128723
              ],
              [
                72.71923888099396,
                11.128417922132407
              ],
              [
                72.72021544296354,
                11.129638625042157
              ],
              [
                72.72082579382236,
                11.130187941243452
              ],
              [
                72.72198546080767,
                11.131042433312263
              ],
              [
                72.72302305828985,
                11.131835890891692
              ],
              [
                72.72399961976977,
                11.132385207301816
              ],
              [
                72.72479307648673,
                11.132995558276628
              ],
              [
                72.72558653322243,
                11.133239700013691
              ],
              [
                72.72662413073375,
                11.134033156907657
              ],
              [
                72.72760069319722,
                11.135009719268096
              ],
              [
                72.72839414956563,
                11.135436965971284
              ],
              [
                72.7291876057692,
                11.13598628145981
              ],
              [
                72.73004209803169,
                11.13641352776836
              ],
              [
                72.73040830821742,
                11.136596634087839
              ],
              [
                72.73101865928129,
                11.136596634161403
              ],
              [
                72.73181211570748,
                11.136596634298161
              ],
              [
                72.73278867785375,
                11.136413528292252
              ],
              [
                72.73303281917252,
                11.136230423006491
              ],
              [
                72.73364316958845,
                11.136230423252032
              ],
              [
                72.73400938040436,
                11.135986282373219
              ],
              [
                72.73419248671219,
                11.135192825385074
              ],
              [
                72.73443662669777,
                11.134582474051467
              ],
              [
                72.7344366266661,
                11.134216263273869
              ],
              [
                72.73419248677904,
                11.132995559354384
              ],
              [
                72.73364317036189,
                11.131408645335208
              ],
              [
                72.73321592409373,
                11.130432082853451
              ],
              [
                72.7327886784185,
                11.129394484835329
              ],
              [
                72.73223936345015,
                11.127807571364446
              ],
              [
                72.73120176588537,
                11.125427199451048
              ],
              [
                72.73022520333215,
                11.124206496882781
              ],
              [
                72.7290045009937,
                11.122192336879092
              ],
              [
                72.72723448328398,
                11.120239211954953
              ],
              [
                72.72662413151579,
                11.119628859976375
              ],
              [
                72.72460997251599,
                11.117797805809959
              ],
              [
                72.72198546218394,
                11.11560053984748
              ],
              [
                72.72082579475801,
                11.114807082341738
              ],
              [
                72.72039854906114,
                11.114196730384316
              ],
              [
                72.72021544378227,
                11.11383051922245
              ]
            ]
          ],
          [
            [
              [
                72.79058893645144,
                11.259582476161492
              ],
              [
                72.79040583043482,
                11.258789018038437
              ],
              [
                72.79040583053978,
                11.257995560617356
              ],
              [
                72.79040583006814,
                11.257385210148907
              ],
              [
                72.79022272557927,
                11.257018999362428
              ],
              [
                72.79022272533024,
                11.25659175335148
              ],
              [
                72.79003962006323,
                11.256225542047913
              ],
              [
                72.79003961924212,
                11.255798296228674
              ],
              [
                72.78979548015259,
                11.255187944314512
              ],
              [
                72.78961237436579,
                11.254821732831378
              ],
              [
                72.7894292688247,
                11.25439448666951
              ],
              [
                72.78918512866099,
                11.2537841359391
              ],
              [
                72.78881891755398,
                11.252807572853653
              ],
              [
                72.78839167125462,
                11.252014115986674
              ],
              [
                72.78802546068742,
                11.251037553562442
              ],
              [
                72.78759821485649,
                11.249999955943107
              ],
              [
                72.78698786467953,
                11.248840288073406
              ],
              [
                72.7866216537031,
                11.247985796227992
              ],
              [
                72.78601130213598,
                11.246826127452184
              ],
              [
                72.7858281968618,
                11.246032671260407
              ],
              [
                72.7854009515743,
                11.244995073026569
              ],
              [
                72.78503474061652,
                11.244201615596609
              ],
              [
                72.78479059961388,
                11.243591264682939
              ],
              [
                72.78442438904534,
                11.242797808004296
              ],
              [
                72.78424128396756,
                11.242187456204329
              ],
              [
                72.78399714311232,
                11.241821245020455
              ],
              [
                72.78381403846475,
                11.24060054208989
              ],
              [
                72.78363093297624,
                11.24023433048649
              ],
              [
                72.78338679140002,
                11.23980708469783
              ],
              [
                72.78338679219667,
                11.239196732555705
              ],
              [
                72.78302058231236,
                11.238586381548515
              ],
              [
                72.78259333569642,
                11.237426713692306
              ],
              [
                72.78222712459159,
                11.236633256742726
              ],
              [
                72.78198298461659,
                11.236022904969385
              ],
              [
                72.78179987910408,
                11.235229448180503
              ],
              [
                72.78161677405126,
                11.234435991117785
              ],
              [
                72.78143366811088,
                11.23382564009121
              ],
              [
                72.78118952850768,
                11.233215287828186
              ],
              [
                72.78082331703742,
                11.2324218310569
              ],
              [
                72.7806402114491,
                11.231811478932798
              ],
              [
                72.78039607169545,
                11.231018021601306
              ],
              [
                72.78021296563213,
                11.23022456468785
              ],
              [
                72.78021296595502,
                11.229614213912079
              ],
              [
                72.78002986132935,
                11.229003861834457
              ],
              [
                72.77960261512617,
                11.22778315855289
              ],
              [
                72.77941950956513,
                11.226806597011734
              ],
              [
                72.77899226404602,
                11.226013139744733
              ],
              [
                72.77899226412282,
                11.225036576938972
              ],
              [
                72.7788091588083,
                11.224182084263834
              ],
              [
                72.77844294824519,
                11.223388627316291
              ],
              [
                72.77819880752676,
                11.22259517030783
              ],
              [
                72.77819880698306,
                11.221984818248956
              ],
              [
                72.77801570253335,
                11.221435502703661
              ],
              [
                72.77801570200747,
                11.221008256564605
              ],
              [
                72.7780157021507,
                11.22039790485741
              ],
              [
                72.77783259688849,
                11.21942134246954
              ],
              [
                72.77740535058585,
                11.218200639201683
              ],
              [
                72.77703913968274,
                11.217224076235095
              ],
              [
                72.77661189424795,
                11.216186478725952
              ],
              [
                72.77618464824073,
                11.215209916440871
              ],
              [
                72.77563533316328,
                11.21423335344003
              ],
              [
                72.7750249814438,
                11.21319575642259
              ],
              [
                72.77380427849434,
                11.2116088426099
              ],
              [
                72.7730108220356,
                11.210632279181285
              ],
              [
                72.77240047100715,
                11.209838822816808
              ],
              [
                72.77179011970836,
                11.208984330816683
              ],
              [
                72.77124080361146,
                11.208007767146107
              ],
              [
                72.77063045248917,
                11.20721431063279
              ],
              [
                72.77002010142658,
                11.20642085334917
              ],
              [
                72.76959285571877,
                11.205383256179944
              ],
              [
                72.76922664472055,
                11.204589799430172
              ],
              [
                72.76879939858614,
                11.203613236689279
              ],
              [
                72.76843318802509,
                11.202209427835086
              ],
              [
                72.76818904786207,
                11.20141597100596
              ],
              [
                72.76739559144015,
                11.199584916451963
              ],
              [
                72.7672124859875,
                11.198791459403443
              ],
              [
                72.76702938098835,
                11.19799800208306
              ],
              [
                72.76678524037486,
                11.197387649786377
              ],
              [
                72.76678524049623,
                11.197021439004756
              ],
              [
                72.76641902963691,
                11.196227982618883
              ],
              [
                72.76623592442466,
                11.195800735993776
              ],
              [
                72.76599178368522,
                11.195007279146253
              ],
              [
                72.7656255725809,
                11.194213822380839
              ],
              [
                72.76544246807043,
                11.193786576098095
              ],
              [
                72.76501522160974,
                11.192199662115662
              ],
              [
                72.7645879757745,
                11.191039994246287
              ],
              [
                72.76422176520039,
                11.189819290930158
              ],
              [
                72.76379451934586,
                11.188598588533473
              ],
              [
                72.7636114142402,
                11.186584428339422
              ],
              [
                72.7634283083016,
                11.18603511110121
              ],
              [
                72.76318416892482,
                11.185241654344571
              ],
              [
                72.76300106263614,
                11.184020950850181
              ],
              [
                72.76281795808268,
                11.183593704853974
              ],
              [
                72.76263485226298,
                11.18298335342903
              ],
              [
                72.76239071189208,
                11.182800248506668
              ],
              [
                72.7620245013681,
                11.182617142036461
              ],
              [
                72.76184139558151,
                11.182617141833694
              ],
              [
                72.76159725554976,
                11.182617142007228
              ],
              [
                72.76159725555912,
                11.18280024810987
              ],
              [
                72.7620245014396,
                11.183227494245145
              ],
              [
                72.7623907117883,
                11.183593705010829
              ],
              [
                72.76239071219776,
                11.183837845770775
              ],
              [
                72.76263485212658,
                11.184204056961596
              ],
              [
                72.76281795779116,
                11.184814408066151
              ],
              [
                72.76281795805646,
                11.18542475972456
              ],
              [
                72.76281795758362,
                11.185607865480835
              ],
              [
                72.76318416802272,
                11.187438920200236
              ],
              [
                72.76318416819139,
                11.18823237666907
              ],
              [
                72.76318416870295,
                11.18859858771911
              ],
              [
                72.76318416851431,
                11.189208939163537
              ],
              [
                72.76300106246426,
                11.190185501680144
              ],
              [
                72.76318416778018,
                11.19103999365614
              ],
              [
                72.76318416800751,
                11.191833451231865
              ],
              [
                72.76342830769022,
                11.192993119045086
              ],
              [
                72.76361141402921,
                11.193603471389876
              ],
              [
                72.76403865965591,
                11.19464106810005
              ],
              [
                72.76440487039616,
                11.195983842289403
              ],
              [
                72.76458797558506,
                11.196838334561274
              ],
              [
                72.76483211564796,
                11.19781489613255
              ],
              [
                72.76519832680583,
                11.198608353051553
              ],
              [
                72.76562557229143,
                11.199218704824203
              ],
              [
                72.76599178305749,
                11.200195267233308
              ],
              [
                72.76641902913936,
                11.201232865263796
              ],
              [
                72.76678524021645,
                11.202026321769921
              ],
              [
                72.76721248598696,
                11.203002885658
              ],
              [
                72.76739559103743,
                11.203430131476942
              ],
              [
                72.76763973170186,
                11.204223587892852
              ],
              [
                72.76782283741484,
                11.204833939044555
              ],
              [
                72.76800594191091,
                11.205200149826661
              ],
              [
                72.7681890477367,
                11.20599360740007
              ],
              [
                72.7684331874699,
                11.206603959534094
              ],
              [
                72.76861629407904,
                11.207214310678346
              ],
              [
                72.76879939880692,
                11.207824662205232
              ],
              [
                72.76922664435159,
                11.20861811972154
              ],
              [
                72.76959285463877,
                11.209594681983722
              ],
              [
                72.7698369954871,
                11.21063227926141
              ],
              [
                72.77038631152598,
                11.211791947284217
              ],
              [
                72.77063045214572,
                11.21258540393475
              ],
              [
                72.77081355703754,
                11.21343989675861
              ],
              [
                72.77124080310713,
                11.214599564421796
              ],
              [
                72.7717901196098,
                11.215820267649981
              ],
              [
                72.77203425958517,
                11.216613725552826
              ],
              [
                72.77221736569277,
                11.217040971366051
              ],
              [
                72.7722173652013,
                11.217407181966692
              ],
              [
                72.77221736492663,
                11.218200639070174
              ],
              [
                72.77240047036348,
                11.218810990620144
              ],
              [
                72.77258357604543,
                11.219604447658485
              ],
              [
                72.77301082142746,
                11.220214799488664
              ],
              [
                72.77319392633828,
                11.22100825614376
              ],
              [
                72.77343806733019,
                11.221618607048194
              ],
              [
                72.77362117262628,
                11.221984818686511
              ],
              [
                72.77380427808197,
                11.223022415995327
              ],
              [
                72.77398738273936,
                11.223815873189013
              ],
              [
                72.77441462842614,
                11.225036576089533
              ],
              [
                72.77484187588807,
                11.226440385272825
              ],
              [
                72.77520808598946,
                11.227600053678998
              ],
              [
                72.77563533167731,
                11.228637650523714
              ],
              [
                72.77563533198871,
                11.229186967293979
              ],
              [
                72.77581843694965,
                11.230041459885173
              ],
              [
                72.77618464804218,
                11.231201127745624
              ],
              [
                72.77661189308222,
                11.232604935204563
              ],
              [
                72.77679499950193,
                11.233825639560493
              ],
              [
                72.77722224474772,
                11.234985307127024
              ],
              [
                72.77758845558363,
                11.236389115928576
              ],
              [
                72.77783259521252,
                11.237182572920174
              ],
              [
                72.77801570144274,
                11.237609818661289
              ],
              [
                72.77819880600514,
                11.238220170533399
              ],
              [
                72.77844294749863,
                11.239013627552412
              ],
              [
                72.77862605197842,
                11.239623978632878
              ],
              [
                72.77880915820663,
                11.240234330195511
              ],
              [
                72.77899226268327,
                11.241027787539801
              ],
              [
                72.77923640382738,
                11.241638139811403
              ],
              [
                72.77941950876031,
                11.242431596580785
              ],
              [
                72.77978571917672,
                11.24322505361332
              ],
              [
                72.78002986019634,
                11.243835405005473
              ],
              [
                72.78064021042748,
                11.244995072913797
              ],
              [
                72.78100642184157,
                11.245788529443074
              ],
              [
                72.78179987784446,
                11.247436479065152
              ],
              [
                72.78198298353384,
                11.24798579584946
              ],
              [
                72.78259333501664,
                11.249023392676742
              ],
              [
                72.78302058117941,
                11.250183060559534
              ],
              [
                72.78338679070175,
                11.251037553587848
              ],
              [
                72.7836309320121,
                11.251586869759546
              ],
              [
                72.78399714276748,
                11.252197221854741
              ],
              [
                72.78442438815041,
                11.253417924563806
              ],
              [
                72.78479059939228,
                11.254394486497707
              ],
              [
                72.78540095130248,
                11.255615189597954
              ],
              [
                72.78582819631858,
                11.25683589255477
              ],
              [
                72.78643854699656,
                11.257629350650502
              ],
              [
                72.7869878641211,
                11.258422807515457
              ],
              [
                72.78741510947287,
                11.258789017503894
              ],
              [
                72.787598214502,
                11.259033159203303
              ],
              [
                72.78784235545237,
                11.25903315913658
              ],
              [
                72.78820856679894,
                11.259216264649634
              ],
              [
                72.78863581202923,
                11.25939937026608
              ],
              [
                72.78918512746237,
                11.260009721980074
              ],
              [
                72.78961237335665,
                11.260192827376022
              ],
              [
                72.7897954793296,
                11.26019282700632
              ],
              [
                72.79022272506988,
                11.260192826839111
              ],
              [
                72.79040583061956,
                11.26000972179347
              ],
              [
                72.79040582989131,
                11.25982661571112
              ],
              [
                72.79058893645144,
                11.259582476161492
              ]
            ]
          ],
          [
            [
              [
                73.01159713081223,
                11.472228968115582
              ],
              [
                73.01123092046093,
                11.471984827365443
              ],
              [
                73.01080367463045,
                11.471435511154391
              ],
              [
                73.00939986609195,
                11.470214807755541
              ],
              [
                73.00878951424144,
                11.469787562336187
              ],
              [
                73.00842330475751,
                11.46960445591498
              ],
              [
                73.00799605722652,
                11.469421350536543
              ],
              [
                73.0078129523484,
                11.469604456216116
              ],
              [
                73.00738570682732,
                11.4696044554919
              ],
              [
                73.00720260065252,
                11.469787562203605
              ],
              [
                73.00701949551336,
                11.469787561757744
              ],
              [
                73.00701949627944,
                11.470031701945473
              ],
              [
                73.00701949622339,
                11.470397913097518
              ],
              [
                73.0070194959011,
                11.470825159296394
              ],
              [
                73.00720260108525,
                11.471008264491545
              ],
              [
                73.0072026012498,
                11.471191369711612
              ],
              [
                73.00738570673519,
                11.471435511023252
              ],
              [
                73.00781295278958,
                11.471618616322342
              ],
              [
                73.00799605752277,
                11.471984827212218
              ],
              [
                73.00824019843246,
                11.471984826974495
              ],
              [
                73.00824019805438,
                11.472228967842456
              ],
              [
                73.00799605713303,
                11.472595179066836
              ],
              [
                73.00799605695643,
                11.4730224253825
              ],
              [
                73.00762984720839,
                11.473632775924845
              ],
              [
                73.00738570615754,
                11.474426233823298
              ],
              [
                73.00720260023446,
                11.475036585102998
              ],
              [
                73.00659224976444,
                11.475830042003007
              ],
              [
                73.00622603900288,
                11.476623498573458
              ],
              [
                73.00579879274346,
                11.477783166994294
              ],
              [
                73.00561568675785,
                11.478820765132017
              ],
              [
                73.00561568698629,
                11.479186976236322
              ],
              [
                73.00543258212589,
                11.480834924708592
              ],
              [
                73.00518844112227,
                11.48101803016917
              ],
              [
                73.00500533570086,
                11.48199459324476
              ],
              [
                73.00463912511492,
                11.482788049959009
              ],
              [
                73.00439498423461,
                11.483642541679814
              ],
              [
                73.00439498444767,
                11.484802209744762
              ],
              [
                73.00421187971124,
                11.485595666879945
              ],
              [
                73.0040287735636,
                11.48681636969272
              ],
              [
                73.00378463354166,
                11.487426721748593
              ],
              [
                73.00360152779375,
                11.488586389647114
              ],
              [
                73.00341842260563,
                11.489623986424741
              ],
              [
                73.00323531626792,
                11.490600549451427
              ],
              [
                73.00280807034748,
                11.491821252640236
              ],
              [
                73.00262496598354,
                11.49218746346967
              ],
              [
                73.00262496537427,
                11.492797815873399
              ],
              [
                73.00244185970377,
                11.493041956112718
              ],
              [
                73.00219772017016,
                11.49322506191406
              ],
              [
                73.002014613636,
                11.493408166999272
              ],
              [
                73.001587368364,
                11.493591272501643
              ],
              [
                73.00122115725489,
                11.493591273050418
              ],
              [
                73.00061080671767,
                11.493591272939815
              ],
              [
                73.00018355937033,
                11.49383541237088
              ],
              [
                73.0000004543326,
                11.494018518685474
              ],
              [
                72.99963424355285,
                11.494384729590971
              ],
              [
                72.99939010292991,
                11.494811975436207
              ],
              [
                72.99939010255723,
                11.495239221206957
              ],
              [
                72.99902389145548,
                11.495605432503789
              ],
              [
                72.99859664589174,
                11.496398889634184
              ],
              [
                72.99823043512043,
                11.49682613582851
              ],
              [
                72.99798629551194,
                11.497009240437926
              ],
              [
                72.99798629514879,
                11.497192346612902
              ],
              [
                72.99823043509895,
                11.4974364868313
              ],
              [
                72.99841354122275,
                11.497619592964316
              ],
              [
                72.99902389146087,
                11.497985803231604
              ],
              [
                72.99939010288422,
                11.498229943817972
              ],
              [
                72.99981734940815,
                11.498413049317747
              ],
              [
                73.00061080577028,
                11.498413049392557
              ],
              [
                73.00122115707774,
                11.498413049930049
              ],
              [
                73.00201461372791,
                11.497985803900816
              ],
              [
                73.0028080702889,
                11.49780269776346
              ],
              [
                73.00341842170447,
                11.497436486537374
              ],
              [
                73.00402877285441,
                11.497009240922113
              ],
              [
                73.00482222918991,
                11.49639888974876
              ],
              [
                73.00518843998651,
                11.495788537879323
              ],
              [
                73.00579879209982,
                11.4949950809126
              ],
              [
                73.00622603795468,
                11.494384729659158
              ],
              [
                73.00701949452191,
                11.493408167238906
              ],
              [
                73.00762984644693,
                11.491821252757404
              ],
              [
                73.00824019736115,
                11.490417443954845
              ],
              [
                73.00921676024231,
                11.489013635511443
              ],
              [
                73.00939986468772,
                11.488586389874289
              ],
              [
                73.00982711106147,
                11.487426722417688
              ],
              [
                73.00982711069472,
                11.486022913108542
              ],
              [
                73.0098271109568,
                11.484619104844224
              ],
              [
                73.00982711109891,
                11.483398401369628
              ],
              [
                73.00982711147869,
                11.481994593353866
              ],
              [
                73.0100102170139,
                11.480590784092708
              ],
              [
                73.01019332226899,
                11.479186976358783
              ],
              [
                73.0104374634076,
                11.477600061992533
              ],
              [
                73.01043746347214,
                11.477233851411203
              ],
              [
                73.01062056822568,
                11.47680660462656
              ],
              [
                73.01080367448158,
                11.476196253335933
              ],
              [
                73.01123092006176,
                11.474609339191565
              ],
              [
                73.01184127058686,
                11.473022424736634
              ],
              [
                73.01159713130686,
                11.472595178657121
              ],
              [
                73.01159713081223,
                11.472228968115582
              ]
            ]
          ],
          [
            [
              [
                72.19018642600736,
                11.598815839591628
              ],
              [
                72.19018642562683,
                11.598632733563507
              ],
              [
                72.18963710957192,
                11.598388593233011
              ],
              [
                72.18920986331008,
                11.598632733779663
              ],
              [
                72.18859951332117,
                11.598632733212236
              ],
              [
                72.18823330249177,
                11.598632733271979
              ],
              [
                72.18780605661404,
                11.598388593130723
              ],
              [
                72.18701260010721,
                11.598388593543048
              ],
              [
                72.1865853547567,
                11.598388593178981
              ],
              [
                72.18640224883916,
                11.598632733457215
              ],
              [
                72.1864022484518,
                11.598815839519258
              ],
              [
                72.18621914332215,
                11.598998944071257
              ],
              [
                72.1862191439899,
                11.59942619142244
              ],
              [
                72.18621914402473,
                11.59960929653328
              ],
              [
                72.18603603782869,
                11.600036541735017
              ],
              [
                72.18579189767452,
                11.600585857975659
              ],
              [
                72.18542568705651,
                11.601013105341465
              ],
              [
                72.18524258092359,
                11.601196210485059
              ],
              [
                72.18499844111568,
                11.601440351178795
              ],
              [
                72.18524258120281,
                11.601623455978206
              ],
              [
                72.18542568743281,
                11.60180656238276
              ],
              [
                72.18560879187895,
                11.601806562120098
              ],
              [
                72.18579189731905,
                11.60180656176656
              ],
              [
                72.18621914362048,
                11.601806562564917
              ],
              [
                72.18640224844602,
                11.60180656178767
              ],
              [
                72.18701259961968,
                11.60144035122912
              ],
              [
                72.18719570452372,
                11.601440351549458
              ],
              [
                72.18762295045123,
                11.60119621021807
              ],
              [
                72.18823330234308,
                11.601013105485515
              ],
              [
                72.18859951286188,
                11.600585858550884
              ],
              [
                72.18902675876966,
                11.60040275353872
              ],
              [
                72.18939296911618,
                11.600219648349858
              ],
              [
                72.18982021542962,
                11.599426191467437
              ],
              [
                72.19000331997141,
                11.599182050717609
              ],
              [
                72.19018642600736,
                11.598815839591628
              ]
            ]
          ],
          [
            [
              [
                72.71160945702107,
                11.685424756160355
              ],
              [
                72.71063289455492,
                11.684204052920304
              ],
              [
                72.71063289454028,
                11.684020947434792
              ],
              [
                72.71038875458909,
                11.6840209472104
              ],
              [
                72.71038875465345,
                11.683837841834654
              ],
              [
                72.71038875461653,
                11.683593701035688
              ],
              [
                72.71020564840936,
                11.6834105964757
              ],
              [
                72.71020564834107,
                11.683227490287926
              ],
              [
                72.71002254332085,
                11.68298334961883
              ],
              [
                72.70983943767727,
                11.68280024436467
              ],
              [
                72.70959529747621,
                11.682800244129593
              ],
              [
                72.70941219237572,
                11.682617137976726
              ],
              [
                72.70880184101294,
                11.682189891737407
              ],
              [
                72.70861873556184,
                11.682189892041409
              ],
              [
                72.70843563019297,
                11.682189892226258
              ],
              [
                72.70819148953541,
                11.682189891980144
              ],
              [
                72.7076421742245,
                11.68218989223741
              ],
              [
                72.7067876809279,
                11.682189891972703
              ],
              [
                72.70599422440199,
                11.682189891703377
              ],
              [
                72.70562801418168,
                11.68218989206311
              ],
              [
                72.7053838740994,
                11.682617137622966
              ],
              [
                72.70538387359274,
                11.68298334940345
              ],
              [
                72.70562801367298,
                11.683410595746492
              ],
              [
                72.70562801384966,
                11.68402094674898
              ],
              [
                72.7059942247098,
                11.684387157655284
              ],
              [
                72.70623836551175,
                11.684631298649972
              ],
              [
                72.70678768127672,
                11.684631298976836
              ],
              [
                72.70703182153979,
                11.684631299166561
              ],
              [
                72.70721492706005,
                11.684631299176347
              ],
              [
                72.70739803292363,
                11.684814404074123
              ],
              [
                72.70782527822652,
                11.684997510474396
              ],
              [
                72.70800838318186,
                11.685241650454879
              ],
              [
                72.70861873530355,
                11.685790967135706
              ],
              [
                72.70922908719945,
                11.687194775175437
              ],
              [
                72.70983943761802,
                11.690612744344355
              ],
              [
                72.710388754045,
                11.69238276283233
              ],
              [
                72.71099910444667,
                11.693603467269408
              ],
              [
                72.71203670207274,
                11.695800732262954
              ],
              [
                72.71283015883719,
                11.697204541374285
              ],
              [
                72.71344050916498,
                11.698425244003749
              ],
              [
                72.71362361451689,
                11.699584911887925
              ],
              [
                72.71398982568918,
                11.700622510252352
              ],
              [
                72.71502742250088,
                11.70202631839331
              ],
              [
                72.71600398422238,
                11.70318598629345
              ],
              [
                72.71643123047137,
                11.703796338509795
              ],
              [
                72.71679744123807,
                11.702209424670903
              ],
              [
                72.71704158238538,
                11.700988721044851
              ],
              [
                72.71722468780268,
                11.69738764638879
              ],
              [
                72.71722468734167,
                11.694396924327952
              ],
              [
                72.71679744206953,
                11.693237256401225
              ],
              [
                72.71600398548469,
                11.691589306628483
              ],
              [
                72.71441707176137,
                11.689636181341758
              ],
              [
                72.71319636964604,
                11.68798823222488
              ],
              [
                72.71283015938573,
                11.687438915936651
              ],
              [
                72.71258601795273,
                11.687194775324082
              ],
              [
                72.71221980764616,
                11.686401318720929
              ],
              [
                72.71160945702107,
                11.685424756160355
              ]
            ]
          ],
          [
            [
              [
                71.75060119042874,
                11.923029882558557
              ],
              [
                71.69055125547163,
                11.849309876177811
              ],
              [
                71.6564412680884,
                11.988819871529873
              ],
              [
                71.75060119042874,
                11.923029882558557
              ]
            ]
          ],
          [
            [
              [
                71.87389104744382,
                12.226289891788781
              ],
              [
                71.8151911008967,
                12.185079886904116
              ],
              [
                71.78249112000181,
                12.24592988353487
              ],
              [
                71.84545104670613,
                12.41341988834911
              ],
              [
                71.88197102021437,
                12.398139891922154
              ],
              [
                71.87389104744382,
                12.226289891788781
              ]
            ]
          ]
        ]
      }
    },
    {
      "id": "1",
      "type": "Feature",
      "properties": {
        "OBJECTID_1": 2,
        "region_cod": "SOUTH PENINSULA",
        "subdivisio": "A & N ISLAND",
        "STATE": "ANDAMAN AND NICOBAR ISLANDS",
        "Area": 6153.32401557,
        "sanket_x_id": "IMD-02",
        "imd_source_id": "1",
        "sanket_x_subdivision": "A & N ISLAND"
      },
      "geometry": {
        "type": "MultiPolygon",
        "coordinates": [
          [
            [
              [
                94.08921009537863,
                6.733649851895879
              ],
              [
                93.9771514524543,
                6.948545896625085
              ],
              [
                93.92760194191777,
                6.950368929245548
              ],
              [
                93.92176213564137,
                7.0977689119703875
              ],
              [
                94.11660027092307,
                7.192669760114728
              ],
              [
                94.22203892825334,
                7.000080710964381
              ],
              [
                94.16987925974236,
                6.768002788206662
              ],
              [
                94.08921009537863,
                6.733649851895879
              ]
            ]
          ],
          [
            [
              [
                92.97153074027307,
                9.11267326196261
              ],
              [
                92.88268123200882,
                9.14971630158096
              ],
              [
                92.95644091627558,
                9.255364259336915
              ],
              [
                93.01052057025487,
                9.173786237955103
              ],
              [
                92.97153074027307,
                9.11267326196261
              ]
            ]
          ],
          [
            [
              [
                92.67746303859059,
                10.498999320050897
              ],
              [
                92.5570935358195,
                10.519949372846188
              ],
              [
                92.53903375078384,
                10.770259368809809
              ],
              [
                92.63133345812139,
                10.874399322414249
              ],
              [
                92.69448320915129,
                10.878539292357118
              ],
              [
                92.76155280850354,
                10.690629269776021
              ],
              [
                92.67746303859059,
                10.498999320050897
              ]
            ]
          ],
          [
            [
              [
                92.84640300582117,
                11.484859183299733
              ],
              [
                92.65520400448666,
                11.86223926483336
              ],
              [
                92.71609384544615,
                11.953789229678435
              ],
              [
                92.72725377357973,
                11.909419225830435
              ],
              [
                92.76664384364852,
                12.21220919063693
              ],
              [
                92.80797370939659,
                12.236379166009728
              ],
              [
                92.90191319585415,
                12.035099122634191
              ],
              [
                92.8572232535569,
                11.878449156675947
              ],
              [
                92.88800317982,
                11.942279135296694
              ],
              [
                92.91294303081446,
                11.879339124610043
              ],
              [
                92.82941321593913,
                11.678029182344131
              ],
              [
                92.88020302000994,
                11.690379153180986
              ],
              [
                92.88910293611464,
                11.627619151620763
              ],
              [
                92.84640300582117,
                11.484859183299733
              ]
            ]
          ],
          [
            [
              [
                92.88324349531645,
                12.327909118264644
              ],
              [
                92.81360381223908,
                12.402229154883825
              ],
              [
                92.81914397830775,
                12.649879140379099
              ],
              [
                92.86071386075541,
                12.689839113882899
              ],
              [
                92.870933961815,
                12.866629099146117
              ],
              [
                93.02100348380071,
                12.952239000821741
              ],
              [
                93.09971296037105,
                12.707118960931084
              ],
              [
                93.09034284285077,
                12.532158977508466
              ],
              [
                92.97616321446138,
                12.427519056886972
              ],
              [
                92.9992930596693,
                12.35163904642968
              ],
              [
                92.88324349531645,
                12.327909118264644
              ]
            ]
          ],
          [
            [
              [
                92.9527437264113,
                12.939199045402535
              ],
              [
                92.91296387089717,
                12.940019070317518
              ],
              [
                92.89107404738317,
                13.063249077546425
              ],
              [
                92.9406039427685,
                13.14822904282945
              ],
              [
                92.91705423193548,
                13.398989046336048
              ],
              [
                93.03865396535724,
                13.574928957127899
              ],
              [
                93.13154365368088,
                13.5965188903208
              ],
              [
                93.17542325911602,
                13.354508871413813
              ],
              [
                93.10623356253573,
                13.398288918413257
              ],
              [
                93.10812349274666,
                13.330278920898113
              ],
              [
                93.16146318885346,
                13.223428888369245
              ],
              [
                93.11767321993018,
                13.073018928083505
              ],
              [
                93.05351348355923,
                13.092258971145759
              ],
              [
                93.01351359528489,
                13.049418999985276
              ],
              [
                93.04134344701323,
                12.999198984573463
              ],
              [
                92.9527437264113,
                12.939199045402535
              ]
            ]
          ]
        ]
      }
    },
    {
      "id": "2",
      "type": "Feature",
      "properties": {
        "OBJECTID_1": 3,
        "region_cod": "SOUTH PENINSULA",
        "subdivisio": "COASTAL ANDHRA PRADESH",
        "STATE": "ANDHRA PRADESH",
        "Area": 96551.0508743,
        "sanket_x_id": "IMD-03",
        "imd_source_id": "28",
        "sanket_x_subdivision": "COASTAL ANDHRA PRADESH"
      },
      "geometry": {
        "type": "Polygon",
        "coordinates": [
          [
            [
              80.27319000037511,
              13.400759999836666
            ],
            [
              80.17840999963629,
              13.44191000029762
            ],
            [
              80.04748099783562,
              13.48797131836492
            ],
            [
              79.95432495177957,
              13.668378723882173
            ],
            [
              79.74829550577022,
              13.772668257122113
            ],
            [
              79.71830246588429,
              13.887323507066746
            ],
            [
              79.64046009964522,
              13.800798055496893
            ],
            [
              79.57129450997823,
              13.905641859560147
            ],
            [
              79.43419431841308,
              13.904800604658654
            ],
            [
              79.44185097424904,
              14.220536688101658
            ],
            [
              79.32240424825224,
              14.458867567330016
            ],
            [
              79.20345992883374,
              14.601463473595517
            ],
            [
              79.11259798647527,
              14.887675628970822
            ],
            [
              79.06083937133957,
              15.174159180801524
            ],
            [
              78.93265218594696,
              15.192145574668242
            ],
            [
              78.74517028215465,
              15.228593388869207
            ],
            [
              78.82739366438663,
              15.84138898504249
            ],
            [
              78.92469353894181,
              15.985780022074179
            ],
            [
              78.915270274753,
              16.08330456176927
            ],
            [
              78.91752298762559,
              16.081334361573443
            ],
            [
              78.92870399198303,
              16.19499579663007
            ],
            [
              79.06429819578935,
              16.24408896804924
            ],
            [
              79.20067575966759,
              16.215404478933216
            ],
            [
              79.21125691198624,
              16.41274220338746
            ],
            [
              79.23472617890829,
              16.556393535128574
            ],
            [
              79.4202997956472,
              16.599726183831784
            ],
            [
              79.63051897747835,
              16.678931856286713
            ],
            [
              79.7914745510249,
              16.72776057666795
            ],
            [
              79.87854048073986,
              16.69238062631852
            ],
            [
              79.92853058077404,
              16.626880727430535
            ],
            [
              80.07663946894355,
              16.777062529941187
            ],
            [
              79.99539404780356,
              16.884297657851434
            ],
            [
              80.11289954575756,
              16.98647865757932
            ],
            [
              80.20591955577656,
              17.028714030975923
            ],
            [
              80.30550782119869,
              16.987226052790014
            ],
            [
              80.35568236627324,
              16.8498732117341
            ],
            [
              80.39303106486427,
              16.82009149586687
            ],
            [
              80.5110754560642,
              16.78453075674596
            ],
            [
              80.60419236080804,
              16.77875144949493
            ],
            [
              80.57298436039594,
              16.856419564679697
            ],
            [
              80.59768233809982,
              16.92224109723217
            ],
            [
              80.50438530986831,
              16.96986939028152
            ],
            [
              80.49833084567747,
              16.910063184645697
            ],
            [
              80.40494089566046,
              16.981561612043592
            ],
            [
              80.39840277762053,
              17.08318547290967
            ],
            [
              80.46692163681764,
              17.03554479657221
            ],
            [
              80.51656579125903,
              17.0655643645117
            ],
            [
              80.5598822932319,
              17.149370126589165
            ],
            [
              80.65945171867189,
              17.113687637662284
            ],
            [
              80.67202329271365,
              17.03597916483168
            ],
            [
              80.70925958206341,
              17.071911036120184
            ],
            [
              80.83362190962785,
              17.036175652676878
            ],
            [
              80.88326672910019,
              17.161774017887183
            ],
            [
              80.939242717652,
              17.161798612188694
            ],
            [
              80.92677539956274,
              17.23354459278971
            ],
            [
              80.99521830985614,
              17.17974528199392
            ],
            [
              81.1818753656995,
              17.23347572956595
            ],
            [
              81.1757384626657,
              17.323167821014156
            ],
            [
              81.25043754104358,
              17.323088366307474
            ],
            [
              81.3190457567685,
              17.400717929543102
            ],
            [
              81.3812461572611,
              17.36473502454537
            ],
            [
              81.51232923588711,
              17.484019023843977
            ],
            [
              81.5376022680176,
              17.603527394767454
            ],
            [
              81.58786399772085,
              17.722957076295025
            ],
            [
              81.71908096172912,
              17.776326621970412
            ],
            [
              81.7943836137697,
              17.871689032431163
            ],
            [
              81.8065827971181,
              17.906234874413475
            ],
            [
              81.90811000002822,
              17.937920000385557
            ],
            [
              82.00063000021166,
              17.953540000149015
            ],
            [
              82.11717999954138,
              18.024569999722534
            ],
            [
              82.240229999634,
              17.992319999890697
            ],
            [
              82.28539000009509,
              18.025159999584282
            ],
            [
              82.36535999968405,
              18.24983999990952
            ],
            [
              82.33528000030968,
              18.397030000088584
            ],
            [
              82.39065999985237,
              18.454789999924174
            ],
            [
              82.52105000001976,
              18.441780000346352
            ],
            [
              82.57897000040386,
              18.214249999793473
            ],
            [
              82.6411900002372,
              18.209600000031422
            ],
            [
              82.8057699998917,
              18.334310000462324
            ],
            [
              82.8332400003804,
              18.40540000004788
            ],
            [
              82.9246799998674,
              18.33980999968459
            ],
            [
              83.05514000039736,
              18.33667000001909
            ],
            [
              83.02055999972329,
              18.58530000008282
            ],
            [
              83.14517999955171,
              18.733619999874186
            ],
            [
              83.25438999993914,
              18.727959999582314
            ],
            [
              83.40668000044049,
              18.829170000019847
            ],
            [
              83.32378000002696,
              18.93566999972487
            ],
            [
              83.35355000014086,
              18.959260000368282
            ],
            [
              83.44319999954162,
              18.94643000017279
            ],
            [
              83.63830999966534,
              19.117219999972917
            ],
            [
              83.67447999979275,
              18.978119999714757
            ],
            [
              83.77158000010303,
              18.9036900000971
            ],
            [
              83.79377999964268,
              18.93573999971878
            ],
            [
              83.81510000013846,
              18.972449999856124
            ],
            [
              83.8794899994916,
              18.7918300004487
            ],
            [
              84.2814900002248,
              18.74019000000195
            ],
            [
              84.3916600001047,
              18.851870000264004
            ],
            [
              84.41654000010742,
              18.94788999960041
            ],
            [
              84.64113999993425,
              19.052030000159185
            ],
            [
              84.62195999985924,
              19.1035800003353
            ],
            [
              84.73182999983553,
              19.07946999993258
            ],
            [
              84.78206999944504,
              19.020610000015846
            ],
            [
              84.09760999956207,
              18.22501999975154
            ],
            [
              83.75338999961656,
              18.061440000247018
            ],
            [
              83.62598999968023,
              17.968319999779574
            ],
            [
              83.48704999971473,
              17.874410000453008
            ],
            [
              83.37331000040876,
              17.671210000043356
            ],
            [
              83.23290999997901,
              17.584590000276346
            ],
            [
              83.21912000034243,
              17.521650000029627
            ],
            [
              82.57808000039772,
              17.196750000043643
            ],
            [
              82.28932999982904,
              16.890470000451195
            ],
            [
              82.32102999991446,
              16.80640000005682
            ],
            [
              82.36979000009781,
              16.907949999793324
            ],
            [
              82.41653000002104,
              16.86454000012
            ],
            [
              82.34418000039925,
              16.664810000065618
            ],
            [
              82.31874000028087,
              16.49880999962138
            ],
            [
              81.71849000011082,
              16.276640000387133
            ],
            [
              81.64538000013285,
              16.28576999961618
            ],
            [
              81.59736000015873,
              16.30021000014591
            ],
            [
              81.33915000034709,
              16.29617999992857
            ],
            [
              81.19779999977548,
              15.955420000144782
            ],
            [
              81.05156999953411,
              15.80696999975179
            ],
            [
              81.03849999996118,
              15.723440000351381
            ],
            [
              80.854559999719,
              15.63739999998257
            ],
            [
              80.78924000045195,
              15.802269999561414
            ],
            [
              80.58366000039422,
              15.807159999699048
            ],
            [
              80.4343900003052,
              15.71496999978914
            ],
            [
              80.33040999971782,
              15.630860000287731
            ],
            [
              80.22798999996057,
              15.37109999969131
            ],
            [
              80.12910000002427,
              15.296170000377893
            ],
            [
              80.0528300001749,
              14.96010999978178
            ],
            [
              80.16759999967519,
              14.535359999896668
            ],
            [
              80.18326000008851,
              14.294829999932121
            ],
            [
              80.1658899995373,
              14.202040000035415
            ],
            [
              80.05906999979467,
              14.133650000028318
            ],
            [
              80.153309999815,
              14.112959999604225
            ],
            [
              80.26465999969962,
              13.747810000439584
            ],
            [
              80.30919999960145,
              13.385779999589925
            ],
            [
              80.27319000037511,
              13.400759999836666
            ]
          ]
        ]
      }
    },
    {
      "id": "3",
      "type": "Feature",
      "properties": {
        "OBJECTID_1": 4,
        "region_cod": "EAST AND NORTH EAST INDIA",
        "subdivisio": "ARUNACHAL PRADESH",
        "STATE": "ARUNACHAL PRADESH",
        "Area": 86882.8547517,
        "sanket_x_id": "IMD-04",
        "imd_source_id": "2",
        "sanket_x_subdivision": "ARUNACHAL PRADESH"
      },
      "geometry": {
        "type": "Polygon",
        "coordinates": [
          [
            [
              92.22435331954854,
              26.944889329216075
            ],
            [
              92.09696315464117,
              27.198439391552878
            ],
            [
              92.1854633938456,
              27.364899354729236
            ],
            [
              92.063713195634,
              27.518059410711988
            ],
            [
              91.68678252266876,
              27.570079553713676
            ],
            [
              91.62311243749129,
              27.6413095754553
            ],
            [
              91.68865257840469,
              27.777229555958904
            ],
            [
              91.66703257076244,
              27.895459564483005
            ],
            [
              92.00677315822028,
              27.761049438386866
            ],
            [
              92.25780375264247,
              27.91867933075855
            ],
            [
              92.39642406614388,
              27.865479260984923
            ],
            [
              92.57340454451665,
              27.90659916618379
            ],
            [
              92.78098520533167,
              28.032829042398316
            ],
            [
              92.72171507971798,
              28.1491190832821
            ],
            [
              92.7689252539762,
              28.21249905552192
            ],
            [
              93.28307720586803,
              28.418228680126777
            ],
            [
              93.22212701032959,
              28.503628735318166
            ],
            [
              93.34402763456929,
              28.69935863926928
            ],
            [
              93.429118036471,
              28.742758565441495
            ],
            [
              94.02636119123935,
              28.794737917477153
            ],
            [
              94.03309134654964,
              28.92566791884441
            ],
            [
              94.2532429990195,
              29.182437641886317
            ],
            [
              94.6468562143506,
              29.42400704812005
            ],
            [
              94.76673717302283,
              29.374066829013785
            ],
            [
              94.81267747504452,
              29.292536734596457
            ],
            [
              95.0423595857311,
              29.28131627449058
            ],
            [
              95.35785265378809,
              29.1548055330219
            ],
            [
              95.49961426914356,
              29.161675170531932
            ],
            [
              95.63933634103418,
              29.37314482491636
            ],
            [
              96.09986315895264,
              29.585883427489712
            ],
            [
              96.31993607049259,
              29.34634256009785
            ],
            [
              96.41637785637778,
              29.412902196995052
            ],
            [
              96.43158794843383,
              29.349652117894447
            ],
            [
              96.36893668065858,
              29.269782347460524
            ],
            [
              96.18919361161085,
              29.193563014002198
            ],
            [
              96.222173716928,
              29.031992852306324
            ],
            [
              96.39099671341494,
              29.144862225722555
            ],
            [
              96.54921950222341,
              29.173091573187143
            ],
            [
              96.53916912578737,
              29.10450159724466
            ],
            [
              96.65619049121723,
              28.869471008645633
            ],
            [
              96.38827529664015,
              28.653552108282547
            ],
            [
              96.40237536593123,
              28.599612036553232
            ],
            [
              96.3208439638036,
              28.556962355810676
            ],
            [
              96.37955471893076,
              28.501882106117034
            ],
            [
              96.44328561673791,
              28.46326183201001
            ],
            [
              96.67910999073712,
              28.588030819316725
            ],
            [
              96.91162393910533,
              28.489759644523573
            ],
            [
              97.161238974803,
              28.49321827894174
            ],
            [
              97.45488490583021,
              28.366026416925486
            ],
            [
              97.38507270129112,
              28.235896817521173
            ],
            [
              97.46217403853596,
              28.151346280558545
            ],
            [
              97.42824284187279,
              28.063046469965755
            ],
            [
              97.33455069085112,
              28.043527064534512
            ],
            [
              96.97787233660992,
              27.763309064170667
            ],
            [
              97.0738730852587,
              27.523018454746367
            ],
            [
              97.25430539917593,
              27.283047302665288
            ],
            [
              97.2165545098424,
              27.249697524920645
            ],
            [
              96.98226072254565,
              27.363248922008793
            ],
            [
              96.82667877920602,
              27.546749801916036
            ],
            [
              96.62646512040645,
              27.444070760943703
            ],
            [
              96.30512025520252,
              27.400252161080633
            ],
            [
              96.14544790253716,
              27.324682775010753
            ],
            [
              96.00680570926112,
              27.160003257369983
            ],
            [
              95.5272996701336,
              26.796094748706754
            ],
            [
              95.37563824263897,
              26.77694516793077
            ],
            [
              95.28325761510578,
              26.859605418664763
            ],
            [
              95.2875281253164,
              27.0900154325953
            ],
            [
              95.33010861488233,
              27.143125329088168
            ],
            [
              95.46688005027612,
              27.217474972150825
            ],
            [
              95.5544009955341,
              27.255334729008364
            ],
            [
              95.61478182473007,
              27.347444564969194
            ],
            [
              95.69236262306565,
              27.338874330274024
            ],
            [
              95.7673834714004,
              27.35183409705085
            ],
            [
              95.96737581991027,
              27.36875343217769
            ],
            [
              96.0986176606298,
              27.446002973976782
            ],
            [
              96.11900806713535,
              27.49616290693579
            ],
            [
              96.07882763495252,
              27.525213061055457
            ],
            [
              95.97536634913367,
              27.527703431749952
            ],
            [
              95.97779667068873,
              27.63608344278177
            ],
            [
              95.89308583662233,
              27.713343745901
            ],
            [
              95.86951583770394,
              27.82673384336729
            ],
            [
              96.02611844071134,
              28.072403354682034
            ],
            [
              95.77813536346328,
              28.086424181964496
            ],
            [
              95.61518328077032,
              27.99393465949554
            ],
            [
              95.34109036325223,
              27.971065404887604
            ],
            [
              94.98631690257645,
              27.845196222364816
            ],
            [
              94.65119401627531,
              27.657716869865535
            ],
            [
              94.45150265103536,
              27.658527216586133
            ],
            [
              94.3910922754363,
              27.671217315929475
            ],
            [
              94.35066208033857,
              27.72162738283151
            ],
            [
              94.29465170813475,
              27.701587467845382
            ],
            [
              94.30065166718411,
              27.635077454264433
            ],
            [
              94.3684320506763,
              27.60417734701155
            ],
            [
              94.09696024687273,
              27.41725773580293
            ],
            [
              93.92857919034857,
              27.241697947521736
            ],
            [
              93.9045989362141,
              27.104717971293326
            ],
            [
              93.767678217952,
              27.019988132765576
            ],
            [
              93.60731751419623,
              27.007848311009056
            ],
            [
              93.33996646702235,
              27.00092857529927
            ],
            [
              93.13524573127417,
              26.964408751764193
            ],
            [
              92.83398488041321,
              27.09166898196253
            ],
            [
              92.74647462833968,
              27.08013904013708
            ],
            [
              92.57253413240898,
              26.998349145467188
            ],
            [
              92.41299373420004,
              26.957899234659397
            ],
            [
              92.29749346593572,
              26.926469293102382
            ],
            [
              92.22435331954854,
              26.944889329216075
            ]
          ]
        ]
      }
    },
    {
      "id": "4",
      "type": "Feature",
      "properties": {
        "OBJECTID_1": 5,
        "region_cod": "EAST AND NORTH EAST INDIA",
        "subdivisio": "ASSAM & MEGHALAYA",
        "STATE": "ASSAM",
        "Area": 106109.790177,
        "sanket_x_id": "IMD-05",
        "imd_source_id": "3",
        "sanket_x_subdivision": "ASSAM & MEGHALAYA"
      },
      "geometry": {
        "type": "Polygon",
        "coordinates": [
          [
            [
              95.2875281253164,
              27.0900154325953
            ],
            [
              95.10341638287302,
              26.99494587137977
            ],
            [
              94.96360525771253,
              26.979226185249473
            ],
            [
              94.89435455470121,
              26.870556323947852
            ],
            [
              94.76448353020454,
              26.806586583702266
            ],
            [
              94.68095290087574,
              26.76238674175366
            ],
            [
              94.60489240606064,
              26.760126883187716
            ],
            [
              94.41087089323578,
              26.51660720497165
            ],
            [
              94.3657507553985,
              26.601687283879922
            ],
            [
              94.25227990900682,
              26.42338745246079
            ],
            [
              94.10561895916265,
              26.24664765986496
            ],
            [
              94.05672849408734,
              26.04773771919463
            ],
            [
              94.08819856000133,
              25.983587671608998
            ],
            [
              93.9731479778247,
              25.92164782755123
            ],
            [
              93.82819742309185,
              25.964708015345803
            ],
            [
              93.50664595030703,
              25.664258368882212
            ],
            [
              93.49567582915554,
              25.570218377365773
            ],
            [
              93.58352604600329,
              25.493128282222816
            ],
            [
              93.59556595264148,
              25.35544826514519
            ],
            [
              93.53528577063241,
              25.36965833034661
            ],
            [
              93.4662654914313,
              25.301898401008472
            ],
            [
              93.36693493837402,
              25.009338492411516
            ],
            [
              93.31525473302496,
              24.935388540325473
            ],
            [
              93.28226460078817,
              24.882788570182495
            ],
            [
              93.22787445905405,
              24.880328619347324
            ],
            [
              93.17334423762885,
              24.77419866606195
            ],
            [
              93.26797439480961,
              24.68321857898552
            ],
            [
              93.25658428027948,
              24.582298587418755
            ],
            [
              93.1390539845439,
              24.558988691542623
            ],
            [
              93.12041378840179,
              24.366258703904997
            ],
            [
              92.98112348605964,
              24.353098818264517
            ],
            [
              92.89632340129556,
              24.472318884532072
            ],
            [
              92.6727527546105,
              24.10686903712618
            ],
            [
              92.56736260853985,
              24.146139104230627
            ],
            [
              92.52408256262143,
              24.184579130698165
            ],
            [
              92.48923253820857,
              24.23665915258777
            ],
            [
              92.35747233586457,
              24.224449226270643
            ],
            [
              92.4096124577117,
              24.311059198107174
            ],
            [
              92.3678724973852,
              24.511089223237573
            ],
            [
              92.40779267821978,
              24.742129204032757
            ],
            [
              92.3413026243863,
              24.850599241530567
            ],
            [
              92.3634926978504,
              24.92596923030949
            ],
            [
              92.55291298757561,
              24.854119120851536
            ],
            [
              92.5864230699177,
              24.89299910089776
            ],
            [
              92.5977931300146,
              24.96105909543824
            ],
            [
              92.53036305107496,
              25.046799137211938
            ],
            [
              92.28097266819972,
              25.150459275851343
            ],
            [
              92.14050247625973,
              25.226079345671007
            ],
            [
              91.76444192168374,
              25.1444095016653
            ],
            [
              91.50291163308901,
              25.195739590586264
            ],
            [
              91.21251135051088,
              25.22683967259089
            ],
            [
              91.07272121836401,
              25.186829706214812
            ],
            [
              90.4402807716165,
              25.161559824814606
            ],
            [
              89.92500053368194,
              25.294269887872392
            ],
            [
              89.89713052421013,
              25.326319890557482
            ],
            [
              89.95851057576935,
              25.606049885050847
            ],
            [
              89.90961057125895,
              25.806099890180732
            ],
            [
              89.94585059039069,
              25.843679887043205
            ],
            [
              89.95142060192497,
              25.94654988667502
            ],
            [
              89.78857055287371,
              26.250709902974872
            ],
            [
              89.83978057906883,
              26.291149898576048
            ],
            [
              89.88529060253137,
              26.32527989435539
            ],
            [
              89.90119061467605,
              26.383899892580505
            ],
            [
              89.9067106211017,
              26.42988989189931
            ],
            [
              89.90943063401603,
              26.579069892591974
            ],
            [
              89.92184065123102,
              26.717199891266592
            ],
            [
              90.24525084032678,
              26.768279855809734
            ],
            [
              90.31918090082289,
              26.881739846902015
            ],
            [
              90.45349099947381,
              26.917729828965566
            ],
            [
              90.54451105964627,
              26.84938981485939
            ],
            [
              90.72112119624022,
              26.78933978596296
            ],
            [
              91.05145151030928,
              26.79060972057819
            ],
            [
              91.17281165292924,
              26.846859692407225
            ],
            [
              91.40437192540459,
              26.80969963216015
            ],
            [
              91.49992206618741,
              26.870339604830185
            ],
            [
              91.60663220613363,
              26.825319571373793
            ],
            [
              91.7931524956416,
              26.8408795077191
            ],
            [
              91.96201281864109,
              26.955769444872914
            ],
            [
              92.159893165768,
              26.882379358190992
            ],
            [
              92.22435331954854,
              26.944889329216075
            ],
            [
              92.29749346593572,
              26.926469293102382
            ],
            [
              92.41299373420004,
              26.957899234659397
            ],
            [
              92.57253413240898,
              26.998349145467188
            ],
            [
              92.74647462833968,
              27.08013904013708
            ],
            [
              92.83398488041321,
              27.09166898196253
            ],
            [
              93.13524573127417,
              26.964408751764193
            ],
            [
              93.33996646702235,
              27.00092857529927
            ],
            [
              93.60731751419623,
              27.007848311009056
            ],
            [
              93.767678217952,
              27.019988132765576
            ],
            [
              93.9045989362141,
              27.104717971293326
            ],
            [
              93.92857919034857,
              27.241697947521736
            ],
            [
              94.09696024687273,
              27.41725773580293
            ],
            [
              94.3684320506763,
              27.60417734701155
            ],
            [
              94.30065166718411,
              27.635077454264433
            ],
            [
              94.29465170813475,
              27.701587467845382
            ],
            [
              94.35066208033857,
              27.72162738283151
            ],
            [
              94.3910922754363,
              27.671217315929475
            ],
            [
              94.45150265103536,
              27.658527216586133
            ],
            [
              94.65119401627531,
              27.657716869865535
            ],
            [
              94.98631690257645,
              27.845196222364816
            ],
            [
              95.34109036325223,
              27.971065404887604
            ],
            [
              95.61518328077032,
              27.99393465949554
            ],
            [
              95.77813536346328,
              28.086424181964496
            ],
            [
              96.02611844071134,
              28.072403354682034
            ],
            [
              95.86951583770394,
              27.82673384336729
            ],
            [
              95.89308583662233,
              27.713343745901
            ],
            [
              95.97779667068873,
              27.63608344278177
            ],
            [
              95.97536634913367,
              27.527703431749952
            ],
            [
              96.07882763495252,
              27.525213061055457
            ],
            [
              96.11900806713535,
              27.49616290693579
            ],
            [
              96.0986176606298,
              27.446002973976782
            ],
            [
              95.96737581991027,
              27.36875343217769
            ],
            [
              95.7673834714004,
              27.35183409705085
            ],
            [
              95.69236262306565,
              27.338874330274024
            ],
            [
              95.61478182473007,
              27.347444564969194
            ],
            [
              95.5544009955341,
              27.255334729008364
            ],
            [
              95.46688005027612,
              27.217474972150825
            ],
            [
              95.33010861488233,
              27.143125329088168
            ],
            [
              95.2875281253164,
              27.0900154325953
            ]
          ]
        ]
      }
    },
    {
      "id": "5",
      "type": "Feature",
      "properties": {
        "OBJECTID_1": 6,
        "region_cod": "EAST AND NORTH EAST INDIA",
        "subdivisio": "BIHAR",
        "STATE": "BIHAR",
        "Area": 93780.1211871,
        "sanket_x_id": "IMD-06",
        "imd_source_id": "9",
        "sanket_x_subdivision": "BIHAR"
      },
      "geometry": {
        "type": "Polygon",
        "coordinates": [
          [
            [
              87.94475009129368,
              25.225069984919024
            ],
            [
              87.70898444755508,
              25.277038562822757
            ],
            [
              87.586608951212,
              25.34899901260614
            ],
            [
              87.4776001542235,
              25.218200675413353
            ],
            [
              87.35223393641947,
              25.213989250636747
            ],
            [
              87.24920658607603,
              25.11138915358445
            ],
            [
              87.1690063868031,
              25.04620360675841
            ],
            [
              87.16040042798608,
              24.896423334043753
            ],
            [
              87.09460452625179,
              24.825012201534424
            ],
            [
              87.05358889780516,
              24.608032221975552
            ],
            [
              86.95800784022126,
              24.649414057571104
            ],
            [
              86.91522219459888,
              24.574829097613485
            ],
            [
              86.60021974489263,
              24.60021972380194
            ],
            [
              86.53100587493871,
              24.544006345082714
            ],
            [
              86.46942140139863,
              24.380432126458842
            ],
            [
              86.28900147674267,
              24.462036131487466
            ],
            [
              86.32440186753574,
              24.586425778934007
            ],
            [
              86.15618897474621,
              24.591186521575647
            ],
            [
              86.0578003017273,
              24.778991697618032
            ],
            [
              85.70959473234929,
              24.769226073628396
            ],
            [
              85.67938232900919,
              24.594604491120702
            ],
            [
              85.39501953461998,
              24.532226561285796
            ],
            [
              85.16601562730138,
              24.412597656225337
            ],
            [
              84.90661621191012,
              24.395019530752123
            ],
            [
              84.82800293095882,
              24.524841309230947
            ],
            [
              84.49182129003019,
              24.29119872955315
            ],
            [
              84.28198242220998,
              24.548034668210633
            ],
            [
              84.11761474630221,
              24.479187012392337
            ],
            [
              84.02899169960509,
              24.632202148403245
            ],
            [
              83.94018554736182,
              24.550415038644783
            ],
            [
              83.81280517640566,
              24.52819824212442
            ],
            [
              83.55588999964543,
              24.520730000350753
            ],
            [
              83.41956000053771,
              24.701439999612283
            ],
            [
              83.37164000053387,
              24.752230000364076
            ],
            [
              83.3536299999689,
              24.997360000249397
            ],
            [
              83.4106899997931,
              25.16332000030141
            ],
            [
              83.5136499997283,
              25.218849999880614
            ],
            [
              83.65848000027701,
              25.27867999970682
            ],
            [
              83.76797999998622,
              25.31114000035455
            ],
            [
              83.89249999988472,
              25.432050000094158
            ],
            [
              83.96708999988924,
              25.49962999964612
            ],
            [
              84.43536000090508,
              25.702129999952785
            ],
            [
              84.54428000090702,
              25.59227000012853
            ],
            [
              84.64248000118934,
              25.59628999981917
            ],
            [
              84.61140000129686,
              25.695830000138805
            ],
            [
              84.52675000060519,
              25.74049999981858
            ],
            [
              84.193480000094,
              25.931849999925245
            ],
            [
              84.0437200001668,
              26.02482000000558
            ],
            [
              84.01386000040121,
              26.138270000508818
            ],
            [
              84.17534000010231,
              26.17345000005854
            ],
            [
              84.16946000060265,
              26.283220000464574
            ],
            [
              83.91399000005441,
              26.38523000007959
            ],
            [
              83.93259000014353,
              26.43087000044648
            ],
            [
              84.03658000024349,
              26.463300000348564
            ],
            [
              84.12913000040795,
              26.57249000009173
            ],
            [
              84.39000000097121,
              26.54371999995386
            ],
            [
              84.37923000124455,
              26.634670000256207
            ],
            [
              84.29778000081491,
              26.643160000220632
            ],
            [
              84.24610000031846,
              26.73548000040052
            ],
            [
              84.07288000077416,
              26.810170000241897
            ],
            [
              83.98814000002197,
              27.202109999728115
            ],
            [
              83.9346600004969,
              27.258470000106023
            ],
            [
              83.8894900001806,
              27.234520000028173
            ],
            [
              83.82247999999164,
              27.238399999989397
            ],
            [
              83.81232000065185,
              27.278430000096346
            ],
            [
              83.84755000030651,
              27.316830000319936
            ],
            [
              83.89517000076535,
              27.322819999999908
            ],
            [
              83.83792000019324,
              27.391490000115823
            ],
            [
              83.86555000073811,
              27.423519999962906
            ],
            [
              84.03863000064653,
              27.405639999782938
            ],
            [
              84.13528000092161,
              27.44947000026936
            ],
            [
              84.30825000035013,
              27.33067999986379
            ],
            [
              84.64856000107137,
              27.2641400004568
            ],
            [
              84.71118000115779,
              27.135680000033307
            ],
            [
              84.689790000997,
              26.987600000294673
            ],
            [
              84.7568400012196,
              26.959720000071467
            ],
            [
              85.16548000277746,
              26.823739999641308
            ],
            [
              85.26472000394932,
              26.725589999965287
            ],
            [
              85.65800000672185,
              26.823119999517267
            ],
            [
              85.73901000791064,
              26.74340999954156
            ],
            [
              85.74954000827815,
              26.599559999183047
            ],
            [
              85.87189000923951,
              26.53123999957502
            ],
            [
              86.06055001184177,
              26.60917999865296
            ],
            [
              86.1640200141826,
              26.60190999862216
            ],
            [
              86.41837001932016,
              26.553039998314862
            ],
            [
              86.79049003088608,
              26.382299996193765
            ],
            [
              87.07369004328571,
              26.54851999538392
            ],
            [
              87.09379004408318,
              26.443679994741764
            ],
            [
              87.3840900602194,
              26.33711999273876
            ],
            [
              87.51559006961241,
              26.414749991514714
            ],
            [
              87.6825300829291,
              26.366299988750722
            ],
            [
              87.93021010762065,
              26.4392199856092
            ],
            [
              88.0611601212025,
              26.338909983297096
            ],
            [
              88.18238013993403,
              26.528169980260632
            ],
            [
              88.25878014977825,
              26.492969979351
            ],
            [
              88.30048015513594,
              26.413289977480563
            ],
            [
              88.32689015647621,
              26.299419977460968
            ],
            [
              88.0546801177908,
              26.138819982663133
            ],
            [
              87.91021009959059,
              25.97224998570013
            ],
            [
              87.88891009558714,
              25.849379986307497
            ],
            [
              88.10076011406805,
              25.648079981779098
            ],
            [
              88.06435010831711,
              25.55148998292081
            ],
            [
              88.15511011834649,
              25.502189980818756
            ],
            [
              88.11669011310117,
              25.455889981563335
            ],
            [
              87.9974601001293,
              25.46686998362617
            ],
            [
              87.88350008902687,
              25.41212998553135
            ],
            [
              87.94475009129368,
              25.225069984919024
            ]
          ]
        ]
      }
    },
    {
      "id": "6",
      "type": "Feature",
      "properties": {
        "OBJECTID_1": 7,
        "region_cod": "CENTRAL INDIA",
        "subdivisio": "KONKAN & GOA",
        "STATE": "MAHARASHTRA",
        "Area": 39372.606832,
        "sanket_x_id": "IMD-07",
        "imd_source_id": "23",
        "sanket_x_subdivision": "KONKAN & GOA"
      },
      "geometry": {
        "type": "Polygon",
        "coordinates": [
          [
            [
              73.23077000167078,
              20.07837996186442
            ],
            [
              73.24183627716995,
              20.100807787707918
            ],
            [
              73.37067766516022,
              20.040377464606447
            ],
            [
              73.46402397478951,
              19.980275855968692
            ],
            [
              73.41170109038144,
              19.814169787983175
            ],
            [
              73.50687528074465,
              19.711328726065673
            ],
            [
              73.61203621257202,
              19.55179947303983
            ],
            [
              73.72094551470113,
              19.470709641314556
            ],
            [
              73.69286105977712,
              19.426806881947275
            ],
            [
              73.80882411540355,
              19.353041770227655
            ],
            [
              73.66830410131749,
              19.304646019295152
            ],
            [
              73.67116726875061,
              19.2406153110832
            ],
            [
              73.57669177733469,
              19.172652028596126
            ],
            [
              73.52815505021904,
              19.08516621800191
            ],
            [
              73.5482226113764,
              18.971972473819
            ],
            [
              73.44582094575945,
              18.91793087224439
            ],
            [
              73.34218085944144,
              18.728466059358006
            ],
            [
              73.40666073422075,
              18.624252863867444
            ],
            [
              73.29608657896428,
              18.591243277619178
            ],
            [
              73.43878470403277,
              18.40471114296104
            ],
            [
              73.50547468302346,
              18.243498707505054
            ],
            [
              73.6806044939015,
              18.157660202596215
            ],
            [
              73.62316266036548,
              18.105570043198973
            ],
            [
              73.64250909600457,
              17.999417593401887
            ],
            [
              73.55777684552203,
              17.88928535562983
            ],
            [
              73.60796511067211,
              17.755816502564116
            ],
            [
              73.61118859876038,
              17.677554702498593
            ],
            [
              73.72310902487435,
              17.667493458411293
            ],
            [
              73.75137417134782,
              17.518862169460775
            ],
            [
              73.67892146283629,
              17.473427484811292
            ],
            [
              73.68291315354355,
              17.373802540529336
            ],
            [
              73.73607335742592,
              17.154808197492834
            ],
            [
              73.83232304995424,
              17.15826439478642
            ],
            [
              73.9635958650847,
              17.02030168322918
            ],
            [
              74.05558167554165,
              16.937903516077085
            ],
            [
              74.3171679419538,
              16.875326038045678
            ],
            [
              74.52639813507784,
              16.82497593072843
            ],
            [
              74.66991167738743,
              16.743802031052233
            ],
            [
              74.7072188050864,
              16.714312774026688
            ],
            [
              74.67778003595544,
              16.707369993193165
            ],
            [
              74.65196003824649,
              16.602299992453045
            ],
            [
              74.5455200435819,
              16.57739999190717
            ],
            [
              74.54324004252253,
              16.624749991924148
            ],
            [
              74.43472004789055,
              16.639709990496762
            ],
            [
              74.36694005243143,
              16.54503998950366
            ],
            [
              74.23795006063985,
              16.534269988421034
            ],
            [
              74.32561005703423,
              16.404539989334168
            ],
            [
              74.30650005958215,
              16.298069988913472
            ],
            [
              74.43819005338648,
              16.24100999042905
            ],
            [
              74.46020005376333,
              16.108639990896783
            ],
            [
              74.3467600613097,
              16.069509989581075
            ],
            [
              74.41804005727836,
              16.033219990860726
            ],
            [
              74.31606006758244,
              15.763839989593093
            ],
            [
              74.19901007661338,
              15.724529987449023
            ],
            [
              74.14934007974595,
              15.779909986696016
            ],
            [
              74.10362008549194,
              15.701539986205237
            ],
            [
              74.08273008821725,
              15.66100998593975
            ],
            [
              74.23970007480558,
              15.646599988728228
            ],
            [
              74.23017007748962,
              15.545039988202136
            ],
            [
              74.21246008066818,
              15.460929988138897
            ],
            [
              74.28469007603987,
              15.351299989064254
            ],
            [
              74.29156007652986,
              15.312449989360365
            ],
            [
              74.1954600858109,
              15.255099987630372
            ],
            [
              74.26444008106469,
              15.189079988696456
            ],
            [
              74.21928008797171,
              14.963009988615957
            ],
            [
              74.09455010048904,
              14.942019986287766
            ],
            [
              74.02625010774582,
              14.954099985034777
            ],
            [
              73.94747011349241,
              15.058789983928957
            ],
            [
              73.90075011314988,
              15.301899983289772
            ],
            [
              73.81835012171273,
              15.361839980948385
            ],
            [
              73.85767011610689,
              15.392699982012454
            ],
            [
              73.76410012296402,
              15.561989979838014
            ],
            [
              73.70534012532865,
              15.719239978946511
            ],
            [
              73.5996101318881,
              15.928099976064772
            ],
            [
              73.5261501410302,
              15.938949973930205
            ],
            [
              73.34067014265791,
              16.531139967914992
            ],
            [
              73.37042013748903,
              16.56458996865407
            ],
            [
              73.31171012475578,
              17.069499966199732
            ],
            [
              73.23246012375867,
              17.29018996351607
            ],
            [
              73.28414011870863,
              17.280629965596006
            ],
            [
              73.207940122454,
              17.382399962226906
            ],
            [
              73.19272011667073,
              17.54089996121546
            ],
            [
              73.25951010907343,
              17.57363996451062
            ],
            [
              73.18861011437119,
              17.60305996170044
            ],
            [
              73.09272010822384,
              17.926349957467977
            ],
            [
              73.11900010174553,
              18.008039957971413
            ],
            [
              73.04148010825357,
              18.026969955071824
            ],
            [
              72.99079010205942,
              18.218689952318098
            ],
            [
              72.99776009919421,
              18.268179952397777
            ],
            [
              73.0435900953355,
              18.266849955111653
            ],
            [
              72.96901009574034,
              18.36298995165873
            ],
            [
              72.98689008502393,
              18.541999952291576
            ],
            [
              72.92555007914717,
              18.725879948787615
            ],
            [
              72.95634007341879,
              18.79191995004189
            ],
            [
              73.02329006924418,
              18.777329953602546
            ],
            [
              73.02021006670039,
              18.835769953445592
            ],
            [
              72.94630006869102,
              18.879859950181316
            ],
            [
              73.05489005195446,
              19.09421995487397
            ],
            [
              72.92772006401208,
              18.987039948424485
            ],
            [
              72.89458006579987,
              18.984119946815635
            ],
            [
              72.88468006166612,
              19.064019946502963
            ],
            [
              72.8378500496845,
              19.300909943806534
            ],
            [
              72.9277700419369,
              19.359549948365398
            ],
            [
              72.81989004428792,
              19.388569942909985
            ],
            [
              72.80906003796176,
              19.495019942054878
            ],
            [
              72.87186003498802,
              19.520279945285
            ],
            [
              72.8646500316131,
              19.582269945019807
            ],
            [
              72.77304003470093,
              19.5662799400125
            ],
            [
              72.72214001863667,
              19.822749937246474
            ],
            [
              72.7359700105236,
              19.95038993747001
            ],
            [
              72.80157000926381,
              19.957179941330814
            ],
            [
              72.86859998767461,
              20.322249944682316
            ],
            [
              72.93983998988958,
              20.28647994846716
            ],
            [
              72.99247999375687,
              20.22040995148149
            ],
            [
              72.98789999874427,
              20.130239951013717
            ],
            [
              73.06358000169543,
              20.07785995478785
            ],
            [
              73.23077000167078,
              20.07837996186442
            ]
          ]
        ]
      }
    },
    {
      "id": "7",
      "type": "Feature",
      "properties": {
        "OBJECTID_1": 8,
        "region_cod": "CENTRAL INDIA",
        "subdivisio": "SAURASHTRA & KUTCH",
        "STATE": "GUJARAT",
        "Area": 102339.791359,
        "sanket_x_id": "IMD-08",
        "imd_source_id": "22",
        "sanket_x_subdivision": "SAURASHTRA & KUTCH"
      },
      "geometry": {
        "type": "MultiPolygon",
        "coordinates": [
          [
            [
              [
                72.86859998767461,
                20.322249944682316
              ],
              [
                72.92084998501815,
                20.37402994751083
              ],
              [
                72.96515998078368,
                20.455229949752237
              ],
              [
                72.98589998707976,
                20.34640995143117
              ],
              [
                72.86859998767461,
                20.322249944682316
              ]
            ]
          ],
          [
            [
              [
                71.28419994047155,
                24.685853567216107
              ],
              [
                71.26295127317886,
                24.498715435829947
              ],
              [
                71.36863461333063,
                24.4700483268859
              ],
              [
                71.4290901852128,
                24.355541178943433
              ],
              [
                71.23340476399538,
                24.21277714798614
              ],
              [
                71.32209180124879,
                24.064635911845794
              ],
              [
                71.31994262885449,
                23.922481665862165
              ],
              [
                71.1397157182474,
                23.922744387664743
              ],
              [
                70.98145801485667,
                23.640409787021746
              ],
              [
                71.18055314253046,
                23.724259148838776
              ],
              [
                71.30181946281232,
                23.64915273708713
              ],
              [
                71.4032532087149,
                23.667361621329583
              ],
              [
                71.42898899393944,
                23.49142657837787
              ],
              [
                71.79268749045079,
                23.430637498769563
              ],
              [
                71.97719911566931,
                23.5481394839849
              ],
              [
                71.99888980805466,
                23.41906815989918
              ],
              [
                71.89822227600305,
                23.38949297251058
              ],
              [
                71.85848868191542,
                23.22131980212608
              ],
              [
                72.02447851360252,
                23.230966140893706
              ],
              [
                71.89207151340682,
                23.104827584802777
              ],
              [
                72.08973149071127,
                23.02140634256756
              ],
              [
                71.99402275753508,
                22.921163429502283
              ],
              [
                72.09639605146532,
                22.725539608138003
              ],
              [
                72.0366395237859,
                22.662932874093983
              ],
              [
                72.16025788684723,
                22.527650344211995
              ],
              [
                72.06621966925607,
                22.40393446226685
              ],
              [
                71.95229231513036,
                22.587076734065054
              ],
              [
                71.88696813962923,
                22.417534723717086
              ],
              [
                71.67129131769241,
                22.405121552255277
              ],
              [
                71.6609607895661,
                22.17959234566615
              ],
              [
                71.87052138169034,
                22.08498901296969
              ],
              [
                72.15436745129387,
                22.01778080261857
              ],
              [
                72.4494681629174,
                22.103591084259325
              ],
              [
                72.43999983865191,
                22.06647991737572
              ],
              [
                72.41978983815696,
                22.033429915718898
              ],
              [
                72.37507983735907,
                21.97539991232824
              ],
              [
                72.42752987404882,
                21.60307991617531
              ],
              [
                72.24084989309513,
                21.198029900047555
              ],
              [
                71.74975987307596,
                20.979069846447548
              ],
              [
                71.55135987224915,
                20.86117981857701
              ],
              [
                71.49511986374706,
                20.88127980991381
              ],
              [
                71.47755987013332,
                20.83235980663292
              ],
              [
                71.2824298567137,
                20.800579772961882
              ],
              [
                71.23094985509996,
                20.78182976358428
              ],
              [
                71.11764985360546,
                20.733669741299984
              ],
              [
                70.98114984351517,
                20.71787971121621
              ],
              [
                70.94520984293922,
                20.70525970260657
              ],
              [
                70.83426981654155,
                20.753529675787306
              ],
              [
                70.7238497854436,
                20.81011964693151
              ],
              [
                70.3478896403706,
                21.03010952965025
              ],
              [
                69.51877885460354,
                21.886039144817055
              ],
              [
                69.35461865447131,
                22.005289042507727
              ],
              [
                69.13743823977029,
                22.304368891122422
              ],
              [
                69.18145813117198,
                22.511368924688966
              ],
              [
                69.2310282433404,
                22.430348959675488
              ],
              [
                69.35725837775941,
                22.418789044971934
              ],
              [
                69.38431848523335,
                22.295769062002584
              ],
              [
                69.82563879650331,
                22.388769311393876
              ],
              [
                69.88984880973638,
                22.46119934163729
              ],
              [
                70.33622907374674,
                22.550199524943192
              ],
              [
                70.49832907015676,
                22.853909580462027
              ],
              [
                70.60407910730049,
                22.94143961333127
              ],
              [
                70.65344910933345,
                23.035059627373744
              ],
              [
                70.59347907168498,
                23.038099609837435
              ],
              [
                70.46283902414827,
                22.924559568946307
              ],
              [
                70.42592895551323,
                23.061179557441417
              ],
              [
                70.40244897599537,
                22.950949549404186
              ],
              [
                70.03341873459203,
                22.869339407793056
              ],
              [
                69.89869866806725,
                22.77273934727953
              ],
              [
                69.36162807035868,
                22.891689049664087
              ],
              [
                68.85550715337473,
                23.179908668690757
              ],
              [
                68.78118695858655,
                23.2589686034039
              ],
              [
                68.89274713109536,
                23.27694870208844
              ],
              [
                68.8545669896214,
                23.367648669573036
              ],
              [
                68.79635688986058,
                23.365458618209004
              ],
              [
                68.71579664620967,
                23.470908545558505
              ],
              [
                68.6155464683955,
                23.45265844785618
              ],
              [
                68.64693642592188,
                23.562108480468872
              ],
              [
                68.60653630082142,
                23.60580844032675
              ],
              [
                68.72027624125292,
                23.925178555240734
              ],
              [
                68.66179610567035,
                23.934708499750478
              ],
              [
                68.65500621675504,
                23.80074849105418
              ],
              [
                68.5136760987305,
                23.610418345358365
              ],
              [
                68.35858572161239,
                23.63430817476606
              ],
              [
                68.37107544367468,
                23.91296819363666
              ],
              [
                68.41464547335072,
                23.98692824396482
              ],
              [
                68.57003581535828,
                24.021708410287452
              ],
              [
                68.59217556054463,
                24.34348843789947
              ],
              [
                68.63794563625859,
                24.38416848386839
              ],
              [
                68.71422589364042,
                24.300678555122794
              ],
              [
                68.75803596122039,
                24.339368596278586
              ],
              [
                68.83269616994303,
                24.29089866260104
              ],
              [
                69.44612730903427,
                24.325289114252666
              ],
              [
                69.58936757894628,
                24.239029196932428
              ],
              [
                69.78324786914949,
                24.202769299343366
              ],
              [
                69.89904799346974,
                24.25782935490096
              ],
              [
                69.98350804894639,
                24.376369394298532
              ],
              [
                70.41531849722081,
                24.461859560155673
              ],
              [
                70.46925861133668,
                24.255599576483107
              ],
              [
                70.65265877392451,
                24.247679631718345
              ],
              [
                70.96158896379411,
                24.44997971152223
              ],
              [
                70.85509886505716,
                24.53717968626475
              ],
              [
                70.97843891788722,
                24.726469716166466
              ],
              [
                71.01390895252166,
                24.68854972336046
              ],
              [
                71.07192899371255,
                24.690119736401687
              ],
              [
                71.11887903461337,
                24.64868974633741
              ],
              [
                71.28419994047155,
                24.685853567216107
              ]
            ]
          ]
        ]
      }
    },
    {
      "id": "8",
      "type": "Feature",
      "properties": {
        "OBJECTID_1": 9,
        "region_cod": "NORTH WEST INDIA",
        "subdivisio": "HAR. CHD & DELHI",
        "STATE": "HARYANA",
        "Area": 45888.5615813,
        "sanket_x_id": "IMD-09",
        "imd_source_id": "13",
        "sanket_x_subdivision": "HAR. CHD & DELHI"
      },
      "geometry": {
        "type": "Polygon",
        "coordinates": [
          [
            [
              77.60454999930276,
              30.32674999981681
            ],
            [
              77.44842999876441,
              30.091930000617037
            ],
            [
              77.2461199982506,
              30.00307000058491
            ],
            [
              77.2011199981802,
              29.94822999983928
            ],
            [
              77.15404999782778,
              29.916650000144003
            ],
            [
              77.15587999791155,
              29.762000000056386
            ],
            [
              77.13003999792515,
              29.63527000031803
            ],
            [
              77.06491999673587,
              29.582200000231875
            ],
            [
              77.01644999678011,
              29.48811000048229
            ],
            [
              77.13266999701473,
              29.320840000332534
            ],
            [
              77.13994999741944,
              29.22652000044321
            ],
            [
              77.09094999733169,
              29.191100000312435
            ],
            [
              77.0908699968633,
              29.138790000102382
            ],
            [
              77.10663999727569,
              29.031300000381904
            ],
            [
              77.16149999808145,
              28.829249999910225
            ],
            [
              77.3022199981662,
              28.612930000091904
            ],
            [
              77.31747999789205,
              28.44700999988798
            ],
            [
              77.4949099984429,
              28.321900000477807
            ],
            [
              77.44317999855832,
              28.062310000370076
            ],
            [
              77.40708999879097,
              28.01269000046371
            ],
            [
              77.46788999885051,
              27.886749999682902
            ],
            [
              77.44029999894639,
              27.845529999740744
            ],
            [
              77.29774999875602,
              27.817729999654425
            ],
            [
              77.28391999835803,
              27.775510000381
            ],
            [
              77.26168999802653,
              27.743619999781917
            ],
            [
              77.01488999685729,
              27.759030000210977
            ],
            [
              77.0306399970593,
              27.692329999858174
            ],
            [
              76.91881999644973,
              27.603159999485996
            ],
            [
              76.85663999646563,
              27.60694000016619
            ],
            [
              76.922099996628,
              27.812619999577663
            ],
            [
              76.91275999696832,
              28.112939999671653
            ],
            [
              76.8049399960628,
              28.17486000032779
            ],
            [
              76.50828999405942,
              27.922299999754063
            ],
            [
              76.44137999301229,
              28.100480000018816
            ],
            [
              76.28382999092489,
              28.122679999649325
            ],
            [
              76.3272599919585,
              28.091819999318044
            ],
            [
              76.31904999126677,
              28.006429999943073
            ],
            [
              76.17544998949988,
              27.988239999312153
            ],
            [
              76.1207399889302,
              27.936459998898744
            ],
            [
              76.20053999045203,
              27.76675999922674
            ],
            [
              76.14356998959842,
              27.767539999436668
            ],
            [
              76.03800998753874,
              27.784099999352275
            ],
            [
              75.96304998658977,
              27.79603999903599
            ],
            [
              75.91811998537192,
              27.9132099993704
            ],
            [
              75.97261998611442,
              27.996949999036232
            ],
            [
              75.95104998600178,
              28.085059999458736
            ],
            [
              76.0021999863551,
              28.21841999950772
            ],
            [
              75.86306998366446,
              28.323799998554534
            ],
            [
              75.61635997688958,
              28.493139998644637
            ],
            [
              75.52304997365896,
              28.646189997928733
            ],
            [
              75.4563299703294,
              28.9040299978605
            ],
            [
              75.49502997173208,
              28.979999998151076
            ],
            [
              75.37878996755731,
              29.033499997419398
            ],
            [
              75.3835299673567,
              29.228809997309707
            ],
            [
              75.31537996450487,
              29.235839997137788
            ],
            [
              75.30958996349892,
              29.289959997312174
            ],
            [
              75.20392995885707,
              29.20891999718866
            ],
            [
              75.16630995715316,
              29.24879999654968
            ],
            [
              74.91385994236386,
              29.27388999537084
            ],
            [
              74.8938499404387,
              29.349349995220262
            ],
            [
              74.59006991703211,
              29.295189993250357
            ],
            [
              74.52240990992469,
              29.41959999207497
            ],
            [
              74.59517991639555,
              29.47538999321084
            ],
            [
              74.59669991511603,
              29.68524999320694
            ],
            [
              74.47632990349976,
              29.750209992110396
            ],
            [
              74.55394991035469,
              29.932669992535214
            ],
            [
              74.61478991574276,
              29.936069993445116
            ],
            [
              74.72107992473852,
              29.980839994023604
            ],
            [
              74.99061994543703,
              29.857449995842213
            ],
            [
              75.12835995286888,
              29.85758999682454
            ],
            [
              75.11529995327136,
              29.77549999675952
            ],
            [
              75.17784995620224,
              29.819759996470005
            ],
            [
              75.1777599570355,
              29.607239996845944
            ],
            [
              75.28504996169474,
              29.539419997395377
            ],
            [
              75.41314996674996,
              29.766359998191678
            ],
            [
              75.58941997422691,
              29.741289997951366
            ],
            [
              75.8046299804337,
              29.799199998644063
            ],
            [
              75.89142998265768,
              29.73526999943947
            ],
            [
              75.95886998385032,
              29.69265999929978
            ],
            [
              76.0557799861145,
              29.73027999915305
            ],
            [
              76.10447998726569,
              29.818969999508848
            ],
            [
              76.17065998794997,
              29.821029999236696
            ],
            [
              76.22079998903874,
              29.83140999959874
            ],
            [
              76.1487399877111,
              29.967189999235117
            ],
            [
              76.26289998925385,
              30.014969999165512
            ],
            [
              76.21132998898334,
              30.09208999940065
            ],
            [
              76.38131999148376,
              30.094329999854242
            ],
            [
              76.39834999077873,
              30.12971999976762
            ],
            [
              76.5706599934135,
              30.048069999534466
            ],
            [
              76.7137099950291,
              30.34023999995785
            ],
            [
              76.76508999493963,
              30.38394999984456
            ],
            [
              76.9075399964882,
              30.379269999918062
            ],
            [
              76.93229999624643,
              30.56692000050776
            ],
            [
              76.84438999608439,
              30.672789999702523
            ],
            [
              76.68117999451796,
              30.69014999999998
            ],
            [
              76.69400999388318,
              30.748580000309147
            ],
            [
              76.85167999545101,
              30.756960000230606
            ],
            [
              76.81736999486364,
              30.797760000364278
            ],
            [
              76.78425999503482,
              30.877830000436877
            ],
            [
              76.90884999547454,
              30.838860000139956
            ],
            [
              77.09981999765775,
              30.718999999868974
            ],
            [
              77.15976999725902,
              30.647449999976644
            ],
            [
              77.1625899970086,
              30.451600000437516
            ],
            [
              77.39914999844667,
              30.378510000529854
            ],
            [
              77.60454999930276,
              30.32674999981681
            ]
          ]
        ]
      }
    },
    {
      "id": "9",
      "type": "Feature",
      "properties": {
        "OBJECTID_1": 10,
        "region_cod": "NORTH WEST INDIA",
        "subdivisio": "HIMACHAL PRADESH",
        "STATE": "HIMACHAL PRADESH",
        "Area": 55729.4864409,
        "sanket_x_id": "IMD-10",
        "imd_source_id": "15",
        "sanket_x_subdivision": "HIMACHAL PRADESH"
      },
      "geometry": {
        "type": "Polygon",
        "coordinates": [
          [
            [
              78.44552000018341,
              32.48663000002601
            ],
            [
              78.54113999986954,
              32.39850000061723
            ],
            [
              78.49570999940822,
              32.19438000047637
            ],
            [
              78.6414399995241,
              32.15363000073559
            ],
            [
              78.70948999982038,
              32.04521999997941
            ],
            [
              78.81903999941858,
              31.889299999998684
            ],
            [
              78.761180000281,
              31.83996000057132
            ],
            [
              78.73882999965889,
              31.680390000630936
            ],
            [
              78.86332000046097,
              31.533280000720087
            ],
            [
              78.73801999986452,
              31.421560000243055
            ],
            [
              78.82471999980572,
              31.371780000623374
            ],
            [
              78.937729999918,
              31.191180000509128
            ],
            [
              78.98969000010271,
              31.04711000009931
            ],
            [
              78.92285000040178,
              31.033840000150285
            ],
            [
              78.77011999955097,
              31.12323000029729
            ],
            [
              78.4852699996037,
              31.147750000107653
            ],
            [
              78.33102999952177,
              31.225700000471903
            ],
            [
              78.0920699997733,
              31.085479999858748
            ],
            [
              77.94695999937196,
              31.098310000350804
            ],
            [
              77.84176999951977,
              30.95703000041982
            ],
            [
              77.77456999899505,
              30.858120000056562
            ],
            [
              77.80211999966905,
              30.793070000284075
            ],
            [
              77.74057999934617,
              30.729319999938355
            ],
            [
              77.78061999916042,
              30.599200000260726
            ],
            [
              77.73943999872368,
              30.520430000489576
            ],
            [
              77.81847999880407,
              30.471790000641427
            ],
            [
              77.58862999865558,
              30.357479999954784
            ],
            [
              77.60454999930276,
              30.32674999981681
            ],
            [
              77.39914999844667,
              30.378510000529854
            ],
            [
              77.1625899970086,
              30.451600000437516
            ],
            [
              77.15976999725902,
              30.647449999976644
            ],
            [
              77.09981999765775,
              30.718999999868974
            ],
            [
              76.90884999547454,
              30.838860000139956
            ],
            [
              76.78425999503482,
              30.877830000436877
            ],
            [
              76.61870999365118,
              30.974179999598782
            ],
            [
              76.64862999416563,
              31.151159999710973
            ],
            [
              76.62163999344489,
              31.225219999733426
            ],
            [
              76.44390999137731,
              31.278699999963667
            ],
            [
              76.42534999136595,
              31.388829999712087
            ],
            [
              76.35648998972883,
              31.35165000002858
            ],
            [
              76.2974599892274,
              31.280270000164467
            ],
            [
              76.23728998849356,
              31.244959999783134
            ],
            [
              76.14406998686474,
              31.40201999917698
            ],
            [
              76.07505998528963,
              31.653269999329616
            ],
            [
              75.99036998301253,
              31.756429999850823
            ],
            [
              76.0029099836358,
              31.840489999616604
            ],
            [
              75.8336299790039,
              31.966259998808074
            ],
            [
              75.64167997272922,
              32.04744999905962
            ],
            [
              75.7399199759782,
              32.243319998687504
            ],
            [
              75.94175998087627,
              32.37216999950554
            ],
            [
              75.92955998136604,
              32.42458999969101
            ],
            [
              75.86210997869773,
              32.46480999966285
            ],
            [
              75.95468998124154,
              32.59578999922672
            ],
            [
              75.93013998088855,
              32.720709999598874
            ],
            [
              75.83158997790518,
              32.85351999895927
            ],
            [
              75.86506997886147,
              32.89037999891225
            ],
            [
              75.97393998209947,
              32.863249999882775
            ],
            [
              76.1169599850459,
              32.97294999935312
            ],
            [
              76.26594998749322,
              32.98343999999769
            ],
            [
              76.43639999112177,
              33.133280000295855
            ],
            [
              76.74780999387166,
              33.13080999988635
            ],
            [
              76.79897999445208,
              33.17298999997469
            ],
            [
              76.80224999422613,
              33.19224000057237
            ],
            [
              76.87303999548338,
              33.16655999987373
            ],
            [
              76.87626999532094,
              33.04643000048762
            ],
            [
              76.96977999554396,
              32.953710000391595
            ],
            [
              77.30755999805817,
              32.79070000063266
            ],
            [
              77.48282999828757,
              32.81619000039428
            ],
            [
              77.73750999916692,
              32.92343000067403
            ],
            [
              77.80363999950302,
              32.890100000514856
            ],
            [
              77.95712999961742,
              32.5999600002477
            ],
            [
              78.08154000005575,
              32.54597000068
            ],
            [
              78.38138999998813,
              32.70317000002728
            ],
            [
              78.33294999997158,
              32.51224000031519
            ],
            [
              78.38514999969037,
              32.41067000051805
            ],
            [
              78.44552000018341,
              32.48663000002601
            ]
          ]
        ]
      }
    },
    {
      "id": "10",
      "type": "Feature",
      "properties": {
        "OBJECTID_1": 11,
        "region_cod": "NORTH WEST INDIA",
        "subdivisio": "JAMMU & KASHMIR",
        "STATE": "JAMMU AND KASHMIR",
        "Area": 219493.976217,
        "sanket_x_id": "IMD-11",
        "imd_source_id": "16",
        "sanket_x_subdivision": "JAMMU & KASHMIR"
      },
      "geometry": {
        "type": "Polygon",
        "coordinates": [
          [
            [
              78.44552000018341,
              32.48663000002601
            ],
            [
              78.38514999969037,
              32.41067000051805
            ],
            [
              78.33294999997158,
              32.51224000031519
            ],
            [
              78.38138999998813,
              32.70317000002728
            ],
            [
              78.08154000005575,
              32.54597000068
            ],
            [
              77.95712999961742,
              32.5999600002477
            ],
            [
              77.80363999950302,
              32.890100000514856
            ],
            [
              77.73750999916692,
              32.92343000067403
            ],
            [
              77.48282999828757,
              32.81619000039428
            ],
            [
              77.30755999805817,
              32.79070000063266
            ],
            [
              76.96977999554396,
              32.953710000391595
            ],
            [
              76.87626999532094,
              33.04643000048762
            ],
            [
              76.87303999548338,
              33.16655999987373
            ],
            [
              76.80224999422613,
              33.19224000057237
            ],
            [
              76.79897999445208,
              33.17298999997469
            ],
            [
              76.74780999387166,
              33.13080999988635
            ],
            [
              76.43639999112177,
              33.133280000295855
            ],
            [
              76.26594998749322,
              32.98343999999769
            ],
            [
              76.1169599850459,
              32.97294999935312
            ],
            [
              75.97393998209947,
              32.863249999882775
            ],
            [
              75.86506997886147,
              32.89037999891225
            ],
            [
              75.83158997790518,
              32.85351999895927
            ],
            [
              75.93013998088855,
              32.720709999598874
            ],
            [
              75.95468998124154,
              32.59578999922672
            ],
            [
              75.86210997869773,
              32.46480999966285
            ],
            [
              75.64775997222726,
              32.41138999864345
            ],
            [
              75.59662997025129,
              32.287749998884344
            ],
            [
              75.37748996074065,
              32.30758999787252
            ],
            [
              75.14665994821826,
              32.43409999755488
            ],
            [
              75.16588994977809,
              32.46276999722938
            ],
            [
              74.76094991911665,
              32.49725999549985
            ],
            [
              74.70106991320814,
              32.59881999460706
            ],
            [
              74.76343991836994,
              32.81993999550342
            ],
            [
              74.5751598996424,
              32.75849999449938
            ],
            [
              74.47463988849157,
              32.79884999320737
            ],
            [
              74.39865987883664,
              32.79255999274016
            ],
            [
              74.10455983563128,
              32.90044998946022
            ],
            [
              73.96684981163811,
              33.00343998786298
            ],
            [
              73.87135979227236,
              32.98848998599059
            ],
            [
              73.62205973571226,
              33.10813998181085
            ],
            [
              73.69178975124639,
              33.276839983544214
            ],
            [
              73.62351973444156,
              33.368439981844915
            ],
            [
              73.65880974184608,
              33.630659982913016
            ],
            [
              73.68598974716254,
              33.694109984087504
            ],
            [
              73.64114973531358,
              33.86436998307278
            ],
            [
              73.55463971217681,
              33.978229981463734
            ],
            [
              73.612189726895,
              34.11312998298678
            ],
            [
              73.61903972829671,
              34.26545998284374
            ],
            [
              73.51114969831602,
              34.39422998136099
            ],
            [
              73.57060971414857,
              34.54793998279901
            ],
            [
              73.7852997665448,
              34.58079998640315
            ],
            [
              73.86339978331985,
              34.75539998734567
            ],
            [
              74.15481983804533,
              34.89141999178986
            ],
            [
              74.21048984688127,
              35.05625999211447
            ],
            [
              74.20171984445257,
              35.12052999226883
            ],
            [
              73.83942977719055,
              35.21869998771765
            ],
            [
              73.81614977188916,
              35.342479987645596
            ],
            [
              73.9164897926894,
              35.47038998908618
            ],
            [
              73.80324976866835,
              35.49974998778844
            ],
            [
              73.61627972404278,
              35.45572998489256
            ],
            [
              73.28081962301809,
              35.68786997858589
            ],
            [
              73.27243961950221,
              35.81595997841474
            ],
            [
              72.98168950740266,
              35.84309997091332
            ],
            [
              72.89518946942347,
              35.802889967927506
            ],
            [
              72.6708293585686,
              35.872239960426164
            ],
            [
              72.70232937509869,
              36.19546996210035
            ],
            [
              72.95431949626608,
              36.285129971261384
            ],
            [
              73.23022960442135,
              36.55637997843064
            ],
            [
              73.22741960358826,
              36.63086997847018
            ],
            [
              73.28854962457389,
              36.683819979997594
            ],
            [
              74.00890981061433,
              36.68061999139407
            ],
            [
              74.0841398244404,
              36.70748999207034
            ],
            [
              73.89918978861829,
              36.77442999025263
            ],
            [
              73.82728977385737,
              36.86410998909971
            ],
            [
              73.98427980584844,
              36.87314999142888
            ],
            [
              74.22498984786792,
              36.80857999309714
            ],
            [
              74.56967989430947,
              36.933879995928486
            ],
            [
              74.70803990952393,
              36.926149996646075
            ],
            [
              74.84268992196445,
              37.034729997546236
            ],
            [
              75.0060999354102,
              36.89358999817242
            ],
            [
              75.09431994133257,
              36.878989998046904
            ],
            [
              75.42214996100077,
              36.98676999896743
            ],
            [
              75.58781996787593,
              36.76809999927625
            ],
            [
              75.89220997824665,
              36.52350999966528
            ],
            [
              76.26306998762537,
              36.364640000096486
            ],
            [
              76.34662998832593,
              36.28296000033147
            ],
            [
              76.44433999015035,
              36.28133000067087
            ],
            [
              76.61442999247832,
              36.128490000260356
            ],
            [
              76.79190999451767,
              36.079930000932016
            ],
            [
              76.87502999470273,
              35.949230000451024
            ],
            [
              76.83623999495015,
              35.849120000335
            ],
            [
              76.88494999498401,
              35.801280000967836
            ],
            [
              77.02099999608757,
              35.72356000092665
            ],
            [
              77.50414999881244,
              35.640440000876
            ],
            [
              77.55861999906114,
              35.46219000057854
            ],
            [
              77.43602999823553,
              35.46616000027658
            ],
            [
              77.5826099987477,
              35.396980000394386
            ],
            [
              77.80059999913667,
              35.473060000526615
            ],
            [
              78.00010999973124,
              35.41244000046698
            ],
            [
              78.03184999899551,
              35.52081000086455
            ],
            [
              78.20383999932638,
              35.47646000026195
            ],
            [
              78.36577999944818,
              35.65714000061479
            ],
            [
              78.77321999957708,
              35.783260000657606
            ],
            [
              79.22750000050004,
              35.7402800005351
            ],
            [
              79.2773900001195,
              35.88958000093303
            ],
            [
              79.38531000050459,
              35.91912000079819
            ],
            [
              79.53162000011575,
              35.79298000024362
            ],
            [
              79.81772999968695,
              35.70197000024601
            ],
            [
              80.04053000015702,
              35.722540000752154
            ],
            [
              80.14368000053331,
              35.574750000265546
            ],
            [
              80.33582999966744,
              35.46438000086721
            ],
            [
              80.32112000052678,
              35.29716000085352
            ],
            [
              80.0524600000049,
              34.614960000562895
            ],
            [
              79.84150999995943,
              34.55865000020746
            ],
            [
              79.7713899997192,
              34.38755000036535
            ],
            [
              79.5632599995414,
              34.41011000074665
            ],
            [
              79.60423000016935,
              34.17550000063355
            ],
            [
              79.44510000027034,
              33.957500000303135
            ],
            [
              79.17030000043931,
              34.02706000027558
            ],
            [
              79.1563300001967,
              33.96880000045782
            ],
            [
              78.9684000001246,
              33.99342000072547
            ],
            [
              78.94468999960438,
              33.9379700007775
            ],
            [
              78.9941499996449,
              33.7904800006976
            ],
            [
              79.07733999959791,
              33.718410000225276
            ],
            [
              79.05106000040921,
              33.63456000015416
            ],
            [
              79.12261000019508,
              33.59636000038297
            ],
            [
              78.98692999967871,
              33.575720000573085
            ],
            [
              78.99327000034943,
              33.312940000683454
            ],
            [
              79.14367999947343,
              33.23360000040494
            ],
            [
              79.4524600001479,
              33.19179000065643
            ],
            [
              79.47918999956633,
              33.16123000034937
            ],
            [
              79.3874300001101,
              32.93384000082772
            ],
            [
              79.62370000010021,
              32.692260000230995
            ],
            [
              79.59871999978812,
              32.628209999976356
            ],
            [
              79.46734000019634,
              32.490879999951375
            ],
            [
              79.34434999971532,
              32.534590000314644
            ],
            [
              79.31421999946244,
              32.478790000745164
            ],
            [
              79.18369000008144,
              32.452580000474306
            ],
            [
              79.19360000048832,
              32.38804000049545
            ],
            [
              79.14422999976593,
              32.345280000287126
            ],
            [
              78.97135999950446,
              32.302770000396855
            ],
            [
              78.8101899997515,
              32.41564000066196
            ],
            [
              78.78315999996641,
              32.60447000044409
            ],
            [
              78.50928999982176,
              32.57171000017077
            ],
            [
              78.44552000018341,
              32.48663000002601
            ]
          ]
        ]
      }
    },
    {
      "id": "11",
      "type": "Feature",
      "properties": {
        "OBJECTID_1": 12,
        "region_cod": "SOUTH PENINSULA",
        "subdivisio": "S. I. KARNATAKA",
        "STATE": "KARNATAKA",
        "Area": 93342.9451325,
        "sanket_x_id": "IMD-12",
        "imd_source_id": "34",
        "sanket_x_subdivision": "S. I. KARNATAKA"
      },
      "geometry": {
        "type": "Polygon",
        "coordinates": [
          [
            [
              75.07108936120336,
              14.630442104213847
            ],
            [
              75.1984321638546,
              14.62677598139078
            ],
            [
              75.29597869599672,
              14.543446379181072
            ],
            [
              75.36539907609531,
              14.409352998483572
            ],
            [
              75.46295795580633,
              14.318752238020549
            ],
            [
              75.5738886567154,
              14.278428711277988
            ],
            [
              75.63880692718028,
              14.322798200446195
            ],
            [
              75.63555735280224,
              14.458558230802632
            ],
            [
              75.78855795235503,
              14.504908258239434
            ],
            [
              75.82872861985865,
              14.67027362678595
            ],
            [
              75.71757834296008,
              14.710666543554767
            ],
            [
              75.65639696148692,
              14.809350809770775
            ],
            [
              75.73563138265784,
              14.87553127690441
            ],
            [
              75.66056971305295,
              14.9381362807666
            ],
            [
              75.77064011477748,
              14.947838667908586
            ],
            [
              75.84208998344695,
              15.035281435316051
            ],
            [
              75.90640705126808,
              15.115405608216511
            ],
            [
              76.05977839256255,
              15.168889427027395
            ],
            [
              76.17643252958473,
              15.221501926832422
            ],
            [
              76.2507245178982,
              15.194468038132463
            ],
            [
              76.37294956190992,
              15.332984321048531
            ],
            [
              76.4907350336515,
              15.342556606288655
            ],
            [
              76.65793494898739,
              15.460414503480568
            ],
            [
              76.8121672682961,
              15.499186728765586
            ],
            [
              76.84648327474653,
              15.628713167555368
            ],
            [
              76.9183499519893,
              15.73030963222825
            ],
            [
              77.04993960059699,
              15.821112077601864
            ],
            [
              77.08576000145774,
              15.641739999485313
            ],
            [
              77.02182000204519,
              15.614940000120829
            ],
            [
              77.02396000180369,
              15.465369999929715
            ],
            [
              76.97196000256018,
              15.479589999780982
            ],
            [
              77.16013000166627,
              15.113989999713377
            ],
            [
              77.09988000186857,
              14.971139999826082
            ],
            [
              76.81864000344537,
              15.032569999635871
            ],
            [
              76.7683300038068,
              14.945489999624233
            ],
            [
              76.83736000337774,
              14.934349999905928
            ],
            [
              76.86822000287984,
              14.85487999989789
            ],
            [
              76.78108000306433,
              14.740389999610288
            ],
            [
              76.75598000362939,
              14.573789999431385
            ],
            [
              76.77603000344543,
              14.511849999804177
            ],
            [
              76.9602700026704,
              14.442789999737643
            ],
            [
              76.8669700032844,
              14.303219999340671
            ],
            [
              76.98559000278388,
              14.20912000024368
            ],
            [
              77.09714000272056,
              14.20400999946188
            ],
            [
              77.12897000240676,
              14.314889999922666
            ],
            [
              77.36057000124993,
              14.167119999769872
            ],
            [
              77.37633000146286,
              14.279629999974272
            ],
            [
              77.42607000122425,
              14.264380000020783
            ],
            [
              77.50436000125326,
              14.171410000367967
            ],
            [
              77.35766000155435,
              14.09468000034471
            ],
            [
              77.3376500014959,
              14.020190000029691
            ],
            [
              77.42950000160565,
              13.901439999970057
            ],
            [
              77.35186000106975,
              13.872760000188698
            ],
            [
              77.27343000184464,
              13.980490000015216
            ],
            [
              77.03996000233072,
              14.002779999437003
            ],
            [
              76.99987000277797,
              14.143390000261594
            ],
            [
              76.90580000318315,
              14.128249999646078
            ],
            [
              76.91802000276864,
              14.074559999443672
            ],
            [
              77.0053700031664,
              13.891890000119977
            ],
            [
              76.97667000283637,
              13.705899999425448
            ],
            [
              77.14159000202787,
              13.737629999704527
            ],
            [
              77.1285300027041,
              13.859059999590452
            ],
            [
              77.1740600019157,
              13.86795999964286
            ],
            [
              77.24133000149878,
              13.815829999735453
            ],
            [
              77.39642000146469,
              13.807340000272559
            ],
            [
              77.4340100015865,
              13.686159999920669
            ],
            [
              77.48540000097245,
              13.678350000155621
            ],
            [
              77.696860000947,
              13.718449999588577
            ],
            [
              77.79390000093744,
              13.80190999955164
            ],
            [
              77.78725000097904,
              13.894669999613393
            ],
            [
              77.93835000084562,
              13.908920000389914
            ],
            [
              77.90980000044465,
              13.812170000191795
            ],
            [
              78.07321000040405,
              13.825489999660212
            ],
            [
              78.11967999991589,
              13.727450000220255
            ],
            [
              78.09027999992065,
              13.610319999951738
            ],
            [
              78.3786800003922,
              13.523119999854877
            ],
            [
              78.3765800000497,
              13.283749999695976
            ],
            [
              78.58077999971472,
              13.226389999691419
            ],
            [
              78.41984000041465,
              12.921379999577548
            ],
            [
              78.46095000010298,
              12.85948000028566
            ],
            [
              78.38496000023491,
              12.902630000010674
            ],
            [
              78.29823000026161,
              12.8576100002155
            ],
            [
              78.21900000035906,
              12.708769999776461
            ],
            [
              78.22245000014149,
              12.750509999899013
            ],
            [
              78.0667900008411,
              12.818959999984612
            ],
            [
              77.99160000043157,
              12.765540000304108
            ],
            [
              77.85747000074886,
              12.847900000271029
            ],
            [
              77.81591000077165,
              12.841060000348977
            ],
            [
              77.78648000050742,
              12.851929999772215
            ],
            [
              77.74832000118182,
              12.699540000069769
            ],
            [
              77.69601000051115,
              12.639740000110686
            ],
            [
              77.62888000063174,
              12.643739999861987
            ],
            [
              77.54948000135923,
              12.561399999678466
            ],
            [
              77.61445000109926,
              12.410049999799869
            ],
            [
              77.59241000131826,
              12.355159999559437
            ],
            [
              77.4167000015472,
              12.21439000005888
            ],
            [
              77.4498100015968,
              12.125810000143705
            ],
            [
              77.71560000108458,
              12.125640000279677
            ],
            [
              77.74873000076956,
              12.02035000003795
            ],
            [
              77.62430000132053,
              11.94325000016324
            ],
            [
              77.63615000153953,
              11.892429999702006
            ],
            [
              77.51860000130304,
              11.882009999777155
            ],
            [
              77.30777000178907,
              11.730689999562992
            ],
            [
              77.23781000216395,
              11.758589999657724
            ],
            [
              77.06274000341762,
              11.697240000106117
            ],
            [
              77.00446000395505,
              11.762229999743964
            ],
            [
              76.91782000433818,
              11.768519999438416
            ],
            [
              76.80663000540314,
              11.59483000008845
            ],
            [
              76.54915000810057,
              11.533729999340222
            ],
            [
              76.49185000829661,
              11.643939999510621
            ],
            [
              76.40288000959373,
              11.624039999962564
            ],
            [
              76.32688001049281,
              11.72187999918018
            ],
            [
              76.08363001548321,
              11.85113999892817
            ],
            [
              76.07081001539562,
              11.931489998884329
            ],
            [
              75.94453001792809,
              11.888489998567785
            ],
            [
              75.9153600186124,
              11.88795999870908
            ],
            [
              75.82600002151545,
              11.930769998535762
            ],
            [
              75.72796002336128,
              12.071559999014289
            ],
            [
              75.53014003003753,
              12.15382999836973
            ],
            [
              75.39928003523333,
              12.31330999789769
            ],
            [
              75.3420000373076,
              12.383469997193158
            ],
            [
              75.37355144151608,
              12.484789205829706
            ],
            [
              75.55089093110976,
              12.488442319913686
            ],
            [
              75.65578136298329,
              12.576341789450812
            ],
            [
              75.67161278646915,
              12.748249343127645
            ],
            [
              75.56941053616352,
              12.9844491933945
            ],
            [
              75.37059746865927,
              13.180306238505382
            ],
            [
              75.28512059040169,
              13.092664614087957
            ],
            [
              75.22393099139681,
              13.215139118668784
            ],
            [
              75.0754023883083,
              13.326018679292273
            ],
            [
              75.14090677680177,
              13.432319846528609
            ],
            [
              75.07165906954295,
              13.47831418826126
            ],
            [
              75.0085158960216,
              13.667270153205854
            ],
            [
              74.95544591224487,
              13.837376428169192
            ],
            [
              74.83733690779313,
              13.882026467579115
            ],
            [
              74.6984316195233,
              13.973651925352899
            ],
            [
              74.6441971087658,
              14.17209499451672
            ],
            [
              74.76169613509093,
              14.156154641089303
            ],
            [
              74.75855462593744,
              14.270301834690859
            ],
            [
              74.90615796437933,
              14.226529902367679
            ],
            [
              74.89460486702212,
              14.292882771619219
            ],
            [
              74.99167474276449,
              14.314408397944876
            ],
            [
              74.88967491060723,
              14.47365858967032
            ],
            [
              74.95621809276913,
              14.54203985289176
            ],
            [
              75.02690796449585,
              14.458149796059486
            ],
            [
              75.07108936120336,
              14.630442104213847
            ]
          ]
        ]
      }
    },
    {
      "id": "12",
      "type": "Feature",
      "properties": {
        "OBJECTID_1": 13,
        "region_cod": "SOUTH PENINSULA",
        "subdivisio": "KERALA",
        "STATE": "KERALA",
        "Area": 39423.6539006,
        "sanket_x_id": "IMD-13",
        "imd_source_id": "35",
        "sanket_x_subdivision": "KERALA"
      },
      "geometry": {
        "type": "Polygon",
        "coordinates": [
          [
            [
              75.49663003330454,
              11.66412999800158
            ],
            [
              75.35154003912643,
              11.80001999802255
            ],
            [
              75.20663004572225,
              11.980439996708276
            ],
            [
              74.95508005875543,
              12.455579995631583
            ],
            [
              74.86989006251824,
              12.724319994827221
            ],
            [
              74.95995005584845,
              12.75329999530554
            ],
            [
              75.04484005183892,
              12.646739996551556
            ],
            [
              75.1093800475611,
              12.675079996634107
            ],
            [
              75.10950004794984,
              12.630579996103918
            ],
            [
              75.28344003922334,
              12.548149997649412
            ],
            [
              75.2718700403311,
              12.476519997397105
            ],
            [
              75.37367003536592,
              12.485169997320446
            ],
            [
              75.3420000373076,
              12.383469997193158
            ],
            [
              75.39928003523333,
              12.31330999789769
            ],
            [
              75.53014003003753,
              12.15382999836973
            ],
            [
              75.72796002336128,
              12.071559999014289
            ],
            [
              75.82600002151545,
              11.930769998535762
            ],
            [
              75.9153600186124,
              11.88795999870908
            ],
            [
              75.94453001792809,
              11.888489998567785
            ],
            [
              76.07081001539562,
              11.931489998884329
            ],
            [
              76.08363001548321,
              11.85113999892817
            ],
            [
              76.32688001049281,
              11.72187999918018
            ],
            [
              76.40288000959373,
              11.624039999962564
            ],
            [
              76.3179100112242,
              11.53843999961575
            ],
            [
              76.21590001249714,
              11.515479999530728
            ],
            [
              76.21944001307004,
              11.423909999148423
            ],
            [
              76.48348000881025,
              11.304159999812974
            ],
            [
              76.50320000853415,
              11.248019999931454
            ],
            [
              76.43144001017953,
              11.164579999483067
            ],
            [
              76.5628600081242,
              11.157349999383198
            ],
            [
              76.69363000627752,
              11.190719999544104
            ],
            [
              76.68407000695383,
              11.08327999973876
            ],
            [
              76.76389000585498,
              11.013210000178699
            ],
            [
              76.65323000737644,
              10.959839999530741
            ],
            [
              76.62473000761796,
              10.867889999903891
            ],
            [
              76.7347700064891,
              10.837119999915567
            ],
            [
              76.85171000565592,
              10.717650000225579
            ],
            [
              76.75819000583675,
              10.593450000183859
            ],
            [
              76.78018000614975,
              10.316609999625534
            ],
            [
              76.79661000608985,
              10.279899999705297
            ],
            [
              76.80738000630198,
              10.246800000108832
            ],
            [
              76.90804000480621,
              10.192760000254705
            ],
            [
              77.15553000300996,
              10.317789999539757
            ],
            [
              77.24391000322488,
              10.196949999828874
            ],
            [
              77.24069000301695,
              10.157209999660141
            ],
            [
              77.21558000281401,
              10.079370000239551
            ],
            [
              77.17574000286554,
              10.05950999959617
            ],
            [
              77.2215300027512,
              9.908692999514797
            ],
            [
              77.16131000342932,
              9.53163099981296
            ],
            [
              77.28582000257903,
              9.539545999935884
            ],
            [
              77.37177000279362,
              9.431718999608496
            ],
            [
              77.34529000284721,
              9.392710999500377
            ],
            [
              77.3161300030465,
              9.346299000139387
            ],
            [
              77.31036000310701,
              9.288172999599949
            ],
            [
              77.24812000315936,
              9.216506999530704
            ],
            [
              77.22916000294128,
              9.102969000280032
            ],
            [
              77.11716000358548,
              8.944136999890643
            ],
            [
              77.20824000358672,
              8.784122999864978
            ],
            [
              77.1384900036673,
              8.666402999935544
            ],
            [
              77.14879000362731,
              8.588319000186393
            ],
            [
              77.21112000342865,
              8.491554999942935
            ],
            [
              77.1485700038309,
              8.395157000260319
            ],
            [
              77.0774800042714,
              8.184670999624753
            ],
            [
              76.8452100060076,
              8.403191999738127
            ],
            [
              76.61252000910444,
              8.730149000090396
            ],
            [
              76.50655001011684,
              8.809545999687053
            ],
            [
              76.41956001228529,
              9.075235999610223
            ],
            [
              76.29711001390291,
              9.33586599919874
            ],
            [
              76.22504001525832,
              9.828048999749537
            ],
            [
              76.186760015333,
              9.935368998975248
            ],
            [
              76.12420001651766,
              10.141999999632006
            ],
            [
              76.03998001889993,
              10.351079998960246
            ],
            [
              75.92281002163269,
              10.609519999449134
            ],
            [
              75.86668002248202,
              10.657459999177716
            ],
            [
              75.93804002079197,
              10.786329998643229
            ],
            [
              75.86054002260613,
              10.776589999245443
            ],
            [
              75.78034002423198,
              11.128329998468216
            ],
            [
              75.67164002730608,
              11.347359998094051
            ],
            [
              75.49663003330454,
              11.66412999800158
            ]
          ],
          [
            [
              75.49663003330454,
              11.66412999800158
            ],
            [
              75.53628003238533,
              11.614019997947972
            ],
            [
              75.5800600299904,
              11.632479997874722
            ],
            [
              75.61713002844705,
              11.658219997973509
            ],
            [
              75.59214002934114,
              11.709829997893968
            ],
            [
              75.58585003003098,
              11.713149998009266
            ],
            [
              75.49663003330454,
              11.66412999800158
            ]
          ]
        ]
      }
    },
    {
      "id": "13",
      "type": "Feature",
      "properties": {
        "OBJECTID_1": 14,
        "region_cod": "CENTRAL INDIA",
        "subdivisio": "WEST MADHYA PRADESH",
        "STATE": "MADHYA PRADESH",
        "Area": 171867.611155,
        "sanket_x_id": "IMD-14",
        "imd_source_id": "19",
        "sanket_x_subdivision": "WEST MADHYA PRADESH"
      },
      "geometry": {
        "type": "Polygon",
        "coordinates": [
          [
            [
              78.20597173512337,
              24.392890317201775
            ],
            [
              78.09278868118132,
              24.34317026118485
            ],
            [
              78.07002805286422,
              24.19947417941315
            ],
            [
              78.13932714358015,
              24.009770654735735
            ],
            [
              78.24275379039855,
              24.03554679117395
            ],
            [
              78.28846588885443,
              23.713980088903785
            ],
            [
              78.38088136262478,
              23.631986350672562
            ],
            [
              78.46904771887827,
              23.764807427086566
            ],
            [
              78.51225529093539,
              23.53861480817409
            ],
            [
              78.71841924035786,
              23.601492106677206
            ],
            [
              78.61778091469591,
              23.432782977711806
            ],
            [
              78.76272694249263,
              23.279660365352374
            ],
            [
              78.79132780161899,
              23.112848885369257
            ],
            [
              78.47107531810045,
              22.976673370951318
            ],
            [
              78.64077880431839,
              22.85985620581927
            ],
            [
              78.70839599123855,
              22.669738631789738
            ],
            [
              78.51496998816944,
              22.690739268328198
            ],
            [
              78.54388723888854,
              22.512035911647587
            ],
            [
              78.53378208747898,
              22.356616311915143
            ],
            [
              78.3527247833683,
              22.42540987342951
            ],
            [
              78.26283944724253,
              22.423910862704506
            ],
            [
              78.26772219810387,
              22.173215201562602
            ],
            [
              78.36011633070734,
              22.031426576883387
            ],
            [
              78.3751185433191,
              21.91223825858201
            ],
            [
              78.51587272303195,
              21.91442514559943
            ],
            [
              78.46721443672841,
              21.77035797427503
            ],
            [
              78.458437975516,
              21.54401220395706
            ],
            [
              78.44016999990268,
              21.560749999696334
            ],
            [
              78.22848000015804,
              21.492709999669284
            ],
            [
              78.05118000003256,
              21.36466999990578
            ],
            [
              77.74708999994041,
              21.31920999979398
            ],
            [
              77.54455999985119,
              21.35054000027396
            ],
            [
              77.48234999934992,
              21.45145999992568
            ],
            [
              77.47125999965965,
              21.491959999748023
            ],
            [
              77.62307999973915,
              21.492760000128953
            ],
            [
              77.52440999986872,
              21.726300000245086
            ],
            [
              77.06023999939707,
              21.661010000126836
            ],
            [
              76.99405999913694,
              21.56058999948081
            ],
            [
              76.83664999947852,
              21.54259000012121
            ],
            [
              76.83488999902384,
              21.426229999500514
            ],
            [
              76.69900999882071,
              21.31369000007136
            ],
            [
              76.69731999931193,
              21.243339999598447
            ],
            [
              76.5130499994435,
              21.14531999909424
            ],
            [
              76.41783999921061,
              21.051249999335568
            ],
            [
              76.19135999834555,
              21.063139998888044
            ],
            [
              76.09065999809995,
              21.351859999074243
            ],
            [
              75.51673999542918,
              21.37020999766167
            ],
            [
              75.37970999445601,
              21.322459996986073
            ],
            [
              75.29045999439461,
              21.36304999641043
            ],
            [
              75.19692999271784,
              21.40121999609459
            ],
            [
              75.0866199908961,
              21.55716999548188
            ],
            [
              74.6515999839847,
              21.665029992228177
            ],
            [
              74.60386998263814,
              21.730359992138503
            ],
            [
              74.59829998120581,
              21.87973999191768
            ],
            [
              74.52229997807498,
              21.981289991022198
            ],
            [
              74.3585999750951,
              21.91000998905095
            ],
            [
              74.20772997008655,
              21.93557998643645
            ],
            [
              74.21318996807466,
              22.11108998661642
            ],
            [
              74.13714996215772,
              22.300879985791788
            ],
            [
              74.24512996616383,
              22.298109987074014
            ],
            [
              74.32057996702277,
              22.368489988516643
            ],
            [
              74.24117996395753,
              22.425399987274318
            ],
            [
              74.17299996134383,
              22.411539986139108
            ],
            [
              74.13633995820025,
              22.512959986032666
            ],
            [
              74.18236996104613,
              22.47170998642561
            ],
            [
              74.43494996820073,
              22.594489989567947
            ],
            [
              74.54555996960931,
              22.775689990764032
            ],
            [
              74.555469969734,
              22.818389991429427
            ],
            [
              74.41944996402032,
              22.898599989840065
            ],
            [
              74.39708996238127,
              22.999219989259192
            ],
            [
              74.59478996882198,
              23.045709991792677
            ],
            [
              74.83507997498859,
              23.133199993577975
            ],
            [
              74.63003996828218,
              23.263629992342324
            ],
            [
              74.70534996956516,
              23.400419993167333
            ],
            [
              74.85936997326388,
              23.455969994531834
            ],
            [
              75.00699997687086,
              23.549099994823255
            ],
            [
              75.02765997734946,
              23.68568999519187
            ],
            [
              74.77642996628839,
              24.068569993115585
            ],
            [
              74.81247996654312,
              24.1704799940051
            ],
            [
              74.63646995935945,
              24.194399992254386
            ],
            [
              74.71145996073385,
              24.410529993106994
            ],
            [
              74.64613995732995,
              24.41936999256423
            ],
            [
              74.64198995692558,
              24.504689992475935
            ],
            [
              74.70691995856365,
              24.706339993231044
            ],
            [
              74.8048899633582,
              24.56980999338751
            ],
            [
              74.88428996616001,
              24.69852999412567
            ],
            [
              74.74399996006022,
              24.727559993562995
            ],
            [
              74.72619995779559,
              24.918799992864315
            ],
            [
              74.93001996704056,
              24.786129994798486
            ],
            [
              75.028949970495,
              24.849519995031194
            ],
            [
              75.06583997055857,
              25.00233999522813
            ],
            [
              75.11671997234527,
              25.00274999580878
            ],
            [
              75.1510699735643,
              24.99448999655678
            ],
            [
              75.27177997755018,
              24.965069997015277
            ],
            [
              75.21144997628423,
              24.863269996217134
            ],
            [
              75.16855997452488,
              24.899889995965218
            ],
            [
              75.18694997581476,
              24.818549996705777
            ],
            [
              75.34891998037749,
              24.80359999661262
            ],
            [
              75.26114997741692,
              24.75654999624992
            ],
            [
              75.10595997289809,
              24.82644999621646
            ],
            [
              75.14286997477838,
              24.76323999592774
            ],
            [
              75.08870997353765,
              24.679409995456403
            ],
            [
              75.48726998410785,
              24.611119997603407
            ],
            [
              75.68672998685135,
              24.694729998302332
            ],
            [
              75.7342399883819,
              24.553709998090913
            ],
            [
              75.80808998925028,
              24.499069998571095
            ],
            [
              75.78072998957548,
              24.396509998599157
            ],
            [
              75.66087998720573,
              24.365539998465298
            ],
            [
              75.63857998734672,
              24.29426999828767
            ],
            [
              75.70627998892226,
              24.22060999869004
            ],
            [
              75.65138998835585,
              24.076049997732305
            ],
            [
              75.71360998973236,
              24.037449998028112
            ],
            [
              75.6502799890166,
              23.92886999793283
            ],
            [
              75.67891998924144,
              23.879499998414285
            ],
            [
              75.57931998794821,
              23.903719997506936
            ],
            [
              75.54762998690707,
              23.840899997663797
            ],
            [
              75.58130998836855,
              23.81292999753437
            ],
            [
              75.63698998931382,
              23.719849997646143
            ],
            [
              75.75442999037273,
              23.69895999811059
            ],
            [
              75.78325999130803,
              23.712549998621046
            ],
            [
              75.8040299910482,
              23.72380999803343
            ],
            [
              75.7873799908461,
              23.79145999830342
            ],
            [
              75.9219599924418,
              23.81454999873398
            ],
            [
              75.85974999178167,
              23.9441499985312
            ],
            [
              76.0286499925642,
              24.035029998896196
            ],
            [
              76.04956999270297,
              24.212609999005288
            ],
            [
              76.09907999384816,
              24.242189999464703
            ],
            [
              76.11076999402849,
              24.15315999874794
            ],
            [
              76.44476999611106,
              24.088349999414735
            ],
            [
              76.52002999686263,
              24.17957999940413
            ],
            [
              76.57688999679362,
              24.17964999984138
            ],
            [
              76.60489999668792,
              24.089499999342504
            ],
            [
              76.71444999726444,
              24.0316699998505
            ],
            [
              76.79087999766934,
              24.04687999946945
            ],
            [
              76.84768999847341,
              24.111419999791035
            ],
            [
              76.74742999754154,
              24.209179999961485
            ],
            [
              76.74116999765018,
              24.351509999377946
            ],
            [
              76.74628999721514,
              24.446359999931836
            ],
            [
              76.85704999833162,
              24.375219999576522
            ],
            [
              76.99061999872994,
              24.457669999466923
            ],
            [
              76.9244899975442,
              24.692859999883584
            ],
            [
              76.72648999718747,
              24.688140000090506
            ],
            [
              76.69224999655509,
              24.734570000009192
            ],
            [
              76.81667999784693,
              24.78387999936572
            ],
            [
              76.77203999775024,
              24.935479999400325
            ],
            [
              76.80317999734304,
              24.977159999856674
            ],
            [
              77.08462999869957,
              25.033799999888952
            ],
            [
              77.23310999844662,
              25.01177000033064
            ],
            [
              77.30693999870182,
              25.046649999790652
            ],
            [
              77.32273999928577,
              25.12520999956869
            ],
            [
              77.2391099987212,
              25.357300000390417
            ],
            [
              77.1182599986891,
              25.271389999792376
            ],
            [
              76.96225999810179,
              25.262099999592078
            ],
            [
              76.71268999689849,
              25.228059999713963
            ],
            [
              76.56809999594331,
              25.27243999978113
            ],
            [
              76.45549999498822,
              25.407609999471028
            ],
            [
              76.47078999542724,
              25.5665399992086
            ],
            [
              76.40271999407,
              25.72053999954517
            ],
            [
              76.51307999490822,
              25.813339999824805
            ],
            [
              76.66641999594441,
              25.82482999975394
            ],
            [
              76.78321999675903,
              26.01287999978785
            ],
            [
              77.36273999900166,
              26.318960000408545
            ],
            [
              77.47580999857634,
              26.341289999993297
            ],
            [
              77.82982999967972,
              26.586070000314173
            ],
            [
              78.02290000002004,
              26.62656000052881
            ],
            [
              78.31436000025182,
              26.76328000039426
            ],
            [
              78.41936999974135,
              26.776660000067576
            ],
            [
              78.51880999992756,
              26.704610000487182
            ],
            [
              78.61701999942893,
              26.71761000038319
            ],
            [
              78.81718999984324,
              26.670760000167434
            ],
            [
              78.99204000000064,
              26.517120000041555
            ],
            [
              79.08830000046214,
              26.346320000425333
            ],
            [
              79.08453000015439,
              26.216119999950326
            ],
            [
              79.01524999965746,
              26.19417999977266
            ],
            [
              78.93227000015659,
              26.074159999686156
            ],
            [
              78.92819000003547,
              25.9958099998246
            ],
            [
              78.98523999969657,
              25.964069999958543
            ],
            [
              78.91295999964323,
              25.85518999993792
            ],
            [
              78.89385000010607,
              25.827970000409998
            ],
            [
              78.85319000031815,
              25.830249999913267
            ],
            [
              78.84453000042295,
              25.71124000041594
            ],
            [
              78.75474999953924,
              25.701670000231754
            ],
            [
              78.7723800001868,
              25.598449999893916
            ],
            [
              78.62335000035348,
              25.492890000459752
            ],
            [
              78.54123000009912,
              25.50775000048373
            ],
            [
              78.44550000033328,
              25.51607000018303
            ],
            [
              78.3974299997753,
              25.498459999777648
            ],
            [
              78.25000999976439,
              25.29607999972095
            ],
            [
              78.38847000027653,
              25.073570000526235
            ],
            [
              78.29522999950431,
              24.97953000021086
            ],
            [
              78.31039999953629,
              24.931119999812942
            ],
            [
              78.13546999980392,
              24.85743000020255
            ],
            [
              78.1100800002948,
              24.78936000036311
            ],
            [
              78.25182999970046,
              24.616879999925963
            ],
            [
              78.14827999959145,
              24.48765000022845
            ],
            [
              78.19017999988797,
              24.4143499998236
            ],
            [
              78.20597173512337,
              24.392890317201775
            ]
          ]
        ]
      }
    },
    {
      "id": "14",
      "type": "Feature",
      "properties": {
        "OBJECTID_1": 15,
        "region_cod": "CENTRAL INDIA",
        "subdivisio": "MADHYA MAHARASHTRA",
        "STATE": "MAHARASHTRA",
        "Area": 107223.53662,
        "sanket_x_id": "IMD-15",
        "imd_source_id": "24",
        "sanket_x_subdivision": "MADHYA MAHARASHTRA"
      },
      "geometry": {
        "type": "Polygon",
        "coordinates": [
          [
            [
              73.9635958650847,
              17.02030168322918
            ],
            [
              73.83232304995424,
              17.158264394786404
            ],
            [
              73.73607335742591,
              17.15480819749282
            ],
            [
              73.68291315354355,
              17.37380254052932
            ],
            [
              73.67892146283629,
              17.473427484811292
            ],
            [
              73.75137417134782,
              17.518862169460743
            ],
            [
              73.72310902487435,
              17.667493458411293
            ],
            [
              73.61118859876038,
              17.677554702498583
            ],
            [
              73.60796511067211,
              17.755816502564116
            ],
            [
              73.55777684552203,
              17.88928535562983
            ],
            [
              73.64250909600457,
              17.99941759340187
            ],
            [
              73.62316266036548,
              18.105570043198973
            ],
            [
              73.68060449390151,
              18.1576602025962
            ],
            [
              73.50547468302345,
              18.24349870750504
            ],
            [
              73.43878470403277,
              18.40471114296102
            ],
            [
              73.29608657896428,
              18.591243277619178
            ],
            [
              73.40666073422075,
              18.624252863867444
            ],
            [
              73.34218085944144,
              18.72846605935797
            ],
            [
              73.44582094575946,
              18.91793087224439
            ],
            [
              73.54822261137639,
              18.971972473818983
            ],
            [
              73.52815505021903,
              19.085166218001895
            ],
            [
              73.57669177733469,
              19.172652028596087
            ],
            [
              73.67116726875061,
              19.240615311083165
            ],
            [
              73.66830410131749,
              19.304646019295152
            ],
            [
              73.80882411540355,
              19.353041770227655
            ],
            [
              73.69286105977712,
              19.42680688194729
            ],
            [
              73.72094551470113,
              19.47070964131454
            ],
            [
              73.61203621257201,
              19.55179947303979
            ],
            [
              73.50687528074467,
              19.711328726065652
            ],
            [
              73.41170109038144,
              19.81416978798317
            ],
            [
              73.46402397478951,
              19.980275855968692
            ],
            [
              73.37067766516022,
              20.040377464606447
            ],
            [
              73.24183627716995,
              20.1008077877079
            ],
            [
              73.26657999817256,
              20.150939963395963
            ],
            [
              73.48009999662382,
              20.208329970806297
            ],
            [
              73.43783998932422,
              20.40843996934313
            ],
            [
              73.53069998790514,
              20.48907997149483
            ],
            [
              73.44488998066194,
              20.66374996926834
            ],
            [
              73.51964998012228,
              20.728989971606115
            ],
            [
              73.68365998729843,
              20.573219976118864
            ],
            [
              73.7654599879764,
              20.574589978460477
            ],
            [
              73.83678998823427,
              20.595109979674387
            ],
            [
              73.86094998631093,
              20.703349979999
            ],
            [
              73.98496998723687,
              20.74471998285602
            ],
            [
              73.96227998436147,
              20.838699982266345
            ],
            [
              73.94144998143494,
              20.967009981735366
            ],
            [
              73.78127997489771,
              21.091499978748285
            ],
            [
              73.78586997390562,
              21.156179978854343
            ],
            [
              73.95965997589195,
              21.26869998245322
            ],
            [
              74.00057997491906,
              21.35917998331069
            ],
            [
              74.40937998159892,
              21.478679989234198
            ],
            [
              74.40252998092278,
              21.520119989243607
            ],
            [
              74.2185399764934,
              21.536429986523036
            ],
            [
              73.99798997212534,
              21.489799982848538
            ],
            [
              73.91982997020669,
              21.480909981146315
            ],
            [
              73.85409996521072,
              21.613799979969226
            ],
            [
              73.95328996692201,
              21.662649982543538
            ],
            [
              73.87620996160823,
              21.797509980531416
            ],
            [
              73.97718996428308,
              21.843489982566954
            ],
            [
              74.0749699682384,
              21.824009984583096
            ],
            [
              74.20772997008655,
              21.93557998643645
            ],
            [
              74.3585999750951,
              21.91000998905095
            ],
            [
              74.52229997807498,
              21.981289991022198
            ],
            [
              74.59829998120581,
              21.87973999191768
            ],
            [
              74.60386998263814,
              21.730359992138503
            ],
            [
              74.6515999839847,
              21.665029992228177
            ],
            [
              75.0866199908961,
              21.55716999548188
            ],
            [
              75.19692999271784,
              21.40121999609459
            ],
            [
              75.29045999439461,
              21.36304999641043
            ],
            [
              75.37970999445601,
              21.322459996986073
            ],
            [
              75.51673999542918,
              21.37020999766167
            ],
            [
              76.09065999809995,
              21.351859999074243
            ],
            [
              76.19135999834555,
              21.063139998888044
            ],
            [
              76.4007799651312,
              21.05215639791503
            ],
            [
              76.36505041586821,
              20.973563153606182
            ],
            [
              76.29700311728844,
              20.95738680843643
            ],
            [
              76.18080444606667,
              21.018513250009892
            ],
            [
              76.08467742370458,
              20.929928478955155
            ],
            [
              76.12386519974763,
              20.895291741832775
            ],
            [
              76.05847123346079,
              20.800431254641268
            ],
            [
              75.99862731579017,
              20.770086231383846
            ],
            [
              76.00168379981612,
              20.677203052619795
            ],
            [
              76.02093433793742,
              20.631778693253494
            ],
            [
              75.91352252870927,
              20.586422383970305
            ],
            [
              75.85211238313265,
              20.606052985306853
            ],
            [
              75.83080037948953,
              20.562513535369575
            ],
            [
              75.7072404174063,
              20.623114832265244
            ],
            [
              75.67565188210192,
              20.657886345641383
            ],
            [
              75.56414442838313,
              20.590067608461894
            ],
            [
              75.45955112653382,
              20.543857548476343
            ],
            [
              75.39970607631062,
              20.52048879565487
            ],
            [
              75.35998501402095,
              20.569220711427825
            ],
            [
              75.28393652530372,
              20.573864225945478
            ],
            [
              75.20220597430391,
              20.52826957614932
            ],
            [
              75.11568589003421,
              20.411045195433093
            ],
            [
              75.1105648657462,
              20.346578027559612
            ],
            [
              75.05925648449929,
              20.301975411285504
            ],
            [
              74.98982456038635,
              20.335309068638878
            ],
            [
              74.90272619786904,
              20.23943988896273
            ],
            [
              74.9362789400551,
              20.154903244703064
            ],
            [
              74.86634895200986,
              20.202460911575724
            ],
            [
              74.79609564536003,
              20.25710976052165
            ],
            [
              74.73096737336876,
              20.183385536486327
            ],
            [
              74.7271311916518,
              20.09043059721544
            ],
            [
              74.6730601582549,
              19.931430462858266
            ],
            [
              74.60199314936915,
              19.82179920703104
            ],
            [
              74.66452024441017,
              19.766925629160873
            ],
            [
              74.84857582902296,
              19.687681526183656
            ],
            [
              74.93356095617523,
              19.633449094107956
            ],
            [
              75.16152366122738,
              19.58386414477291
            ],
            [
              75.29205063193646,
              19.516602419684776
            ],
            [
              75.34871744178938,
              19.404051411859157
            ],
            [
              75.46861617092043,
              19.42204643774329
            ],
            [
              75.53097668805142,
              19.359611195864332
            ],
            [
              75.50447343591475,
              19.251598110182435
            ],
            [
              75.40020147354832,
              19.21984055237173
            ],
            [
              75.43922339511644,
              19.178151476573596
            ],
            [
              75.43726713278114,
              19.1244903735747
            ],
            [
              75.48633160963205,
              19.118824604288573
            ],
            [
              75.42004968061457,
              19.07751366364584
            ],
            [
              75.38238458181107,
              19.07993941481895
            ],
            [
              75.31044464590322,
              19.095590204895547
            ],
            [
              75.28465693155825,
              19.080498511056636
            ],
            [
              75.3162739306557,
              19.03503216910424
            ],
            [
              75.34399851298413,
              18.993010069090797
            ],
            [
              75.29558825045872,
              18.980801071051626
            ],
            [
              75.26459529876863,
              19.008421300702906
            ],
            [
              75.26312036262469,
              19.05124654209651
            ],
            [
              75.23210700740756,
              19.078856316725044
            ],
            [
              75.21184652935564,
              19.121087254946136
            ],
            [
              75.17943743793722,
              19.080767497661846
            ],
            [
              75.20044277637132,
              19.01713073870783
            ],
            [
              75.14754467918783,
              19.026173968225727
            ],
            [
              75.07887773094131,
              19.056123821011884
            ],
            [
              75.11437372434689,
              19.114412991815875
            ],
            [
              75.06946280494907,
              19.10939473690915
            ],
            [
              74.97927032696509,
              19.11002797802522
            ],
            [
              74.94070432377653,
              19.13732568004549
            ],
            [
              74.91989018644999,
              19.09021501014476
            ],
            [
              74.92158683408596,
              19.04385008009182
            ],
            [
              74.95999893538622,
              19.020117994974076
            ],
            [
              74.94655201552798,
              18.976824665727595
            ],
            [
              74.90596372248963,
              18.95763469023171
            ],
            [
              74.87157508269881,
              18.974349503296423
            ],
            [
              74.8038412013975,
              18.97922774150842
            ],
            [
              74.84691091242681,
              18.930683179805307
            ],
            [
              74.9050704335797,
              18.879048476178664
            ],
            [
              74.96396127511534,
              18.80598373968343
            ],
            [
              75.05612037654745,
              18.744665005400623
            ],
            [
              75.16442043054292,
              18.648067062458377
            ],
            [
              75.16908960561504,
              18.73037122648743
            ],
            [
              75.25547824493665,
              18.725905400808823
            ],
            [
              75.33151116004646,
              18.806834244415377
            ],
            [
              75.38142466271688,
              18.77261687539603
            ],
            [
              75.39826702642517,
              18.83029620997996
            ],
            [
              75.45614616288805,
              18.782002434092487
            ],
            [
              75.46129723093517,
              18.739272897504183
            ],
            [
              75.55146960145208,
              18.734779587756755
            ],
            [
              75.57930193464426,
              18.685552087478133
            ],
            [
              75.54229320221107,
              18.6701803058729
            ],
            [
              75.49837823230095,
              18.63673118968299
            ],
            [
              75.4193700368126,
              18.530768521585834
            ],
            [
              75.3510683359288,
              18.55731708213506
            ],
            [
              75.31144179885315,
              18.509676268727002
            ],
            [
              75.29230969564661,
              18.40906135916244
            ],
            [
              75.39639374231366,
              18.3156910980906
            ],
            [
              75.42156765841416,
              18.230669624556647
            ],
            [
              75.43086054567704,
              18.173765877346117
            ],
            [
              75.52569004823441,
              18.130038763750274
            ],
            [
              75.564444171292,
              18.206195618371694
            ],
            [
              75.60037283904911,
              18.253678387249835
            ],
            [
              75.65094518011814,
              18.312294119656524
            ],
            [
              75.720798672737,
              18.35356709869824
            ],
            [
              75.71498434112932,
              18.421326310150622
            ],
            [
              75.76308930363429,
              18.440537486136066
            ],
            [
              75.80608668911934,
              18.3809440509235
            ],
            [
              75.90047650518031,
              18.354898802803795
            ],
            [
              75.94049595536427,
              18.266573192974025
            ],
            [
              75.94298003085541,
              18.180819091260435
            ],
            [
              75.94534773757057,
              18.098637054333143
            ],
            [
              76.00998374888206,
              18.060987159788024
            ],
            [
              75.97516498415784,
              17.97068263565965
            ],
            [
              75.91148750888463,
              17.976170351083606
            ],
            [
              75.88079296766966,
              18.00396519096984
            ],
            [
              75.83298275495945,
              17.977665086320822
            ],
            [
              75.85112496956923,
              17.867310239247892
            ],
            [
              75.9195066002299,
              17.82619955058037
            ],
            [
              76.0092454138682,
              17.82136600259933
            ],
            [
              76.01496459032802,
              17.74998855523119
            ],
            [
              76.08916800660592,
              17.766171420688025
            ],
            [
              76.15679823512023,
              17.749974573727172
            ],
            [
              76.17287077832981,
              17.707449124990017
            ],
            [
              76.2071025917973,
              17.683249647554085
            ],
            [
              76.29530216708028,
              17.735466999569198
            ],
            [
              76.39777574914802,
              17.66992322666098
            ],
            [
              76.45764807963137,
              17.618662578738107
            ],
            [
              76.44302000249269,
              17.602189999279776
            ],
            [
              76.40118000321334,
              17.555079999428145
            ],
            [
              76.3292400034983,
              17.564189999763126
            ],
            [
              76.39256000374469,
              17.330989999606878
            ],
            [
              76.36506000355331,
              17.298029999604307
            ],
            [
              76.06319000574842,
              17.331209999289623
            ],
            [
              76.02128000580687,
              17.29517999930761
            ],
            [
              75.8985000072959,
              17.28372999873496
            ],
            [
              75.66850000858213,
              17.439339997853256
            ],
            [
              75.60253000944766,
              17.353499997955694
            ],
            [
              75.63593000946827,
              17.28815999838412
            ],
            [
              75.68953001051693,
              16.958299997754935
            ],
            [
              75.35597001545749,
              16.957289996904404
            ],
            [
              75.26845001668524,
              16.937809996796904
            ],
            [
              75.31338001685133,
              16.877409996684232
            ],
            [
              75.19109001980978,
              16.818129996755697
            ],
            [
              75.06267002132641,
              16.970569995487516
            ],
            [
              74.91982002552366,
              16.959929994848263
            ],
            [
              74.89983002738037,
              16.75962999492246
            ],
            [
              74.70721880508638,
              16.714312774026688
            ],
            [
              74.66991167738743,
              16.743802031052216
            ],
            [
              74.52639813507786,
              16.82497593072843
            ],
            [
              74.31716794195381,
              16.875326038045678
            ],
            [
              74.05558167554163,
              16.937903516077085
            ],
            [
              73.9635958650847,
              17.02030168322918
            ]
          ]
        ]
      }
    },
    {
      "id": "15",
      "type": "Feature",
      "properties": {
        "OBJECTID_1": 16,
        "region_cod": "EAST AND NORTH EAST INDIA",
        "subdivisio": "N M M T",
        "STATE": "MANIPUR",
        "Area": 73821.1748121,
        "sanket_x_id": "IMD-16",
        "imd_source_id": "4",
        "sanket_x_subdivision": "N M M T"
      },
      "geometry": {
        "type": "Polygon",
        "coordinates": [
          [
            [
              92.3678724973852,
              24.511089223237573
            ],
            [
              92.4096124577117,
              24.311059198107174
            ],
            [
              92.35747233586457,
              24.224449226270643
            ],
            [
              92.48923253820857,
              24.23665915258777
            ],
            [
              92.52408256262143,
              24.184579130698165
            ],
            [
              92.56736260853985,
              24.146139104230627
            ],
            [
              92.6727527546105,
              24.10686903712618
            ],
            [
              92.89632340129556,
              24.472318884532072
            ],
            [
              92.98112348605964,
              24.353098818264517
            ],
            [
              93.12041378840179,
              24.366258703904997
            ],
            [
              93.1390539845439,
              24.558988691542623
            ],
            [
              93.25658428027948,
              24.582298587418755
            ],
            [
              93.26797439480961,
              24.68321857898552
            ],
            [
              93.17334423762885,
              24.77419866606195
            ],
            [
              93.22787445905405,
              24.880328619347324
            ],
            [
              93.28226460078817,
              24.882788570182495
            ],
            [
              93.31525473302496,
              24.935388540325473
            ],
            [
              93.36693493837402,
              25.009338492411516
            ],
            [
              93.4662654914313,
              25.301898401008472
            ],
            [
              93.53528577063241,
              25.36965833034661
            ],
            [
              93.59556595264148,
              25.35544826514519
            ],
            [
              93.58352604600329,
              25.493128282222816
            ],
            [
              93.49567582915554,
              25.570218377365773
            ],
            [
              93.50664595030703,
              25.664258368882212
            ],
            [
              93.82819742309185,
              25.964708015345803
            ],
            [
              93.9731479778247,
              25.92164782755123
            ],
            [
              94.08819856000133,
              25.983587671608998
            ],
            [
              94.05672849408734,
              26.04773771919463
            ],
            [
              94.10561895916265,
              26.24664765986496
            ],
            [
              94.25227990900682,
              26.42338745246079
            ],
            [
              94.3657507553985,
              26.601687283879922
            ],
            [
              94.41087089323578,
              26.51660720497165
            ],
            [
              94.60489240606064,
              26.760126883187716
            ],
            [
              94.68095290087574,
              26.76238674175366
            ],
            [
              94.76448353020454,
              26.806586583702266
            ],
            [
              94.89435455470121,
              26.870556323947852
            ],
            [
              94.96360525771253,
              26.979226185249473
            ],
            [
              95.10341638287302,
              26.99494587137977
            ],
            [
              95.2875281253164,
              27.0900154325953
            ],
            [
              95.28325761510578,
              26.859605418664763
            ],
            [
              95.37563824263897,
              26.77694516793077
            ],
            [
              95.30429752318047,
              26.730025350329015
            ],
            [
              95.25093697627156,
              26.683445481633026
            ],
            [
              95.20446626525286,
              26.521675581827157
            ],
            [
              95.300946165937,
              26.119155297208458
            ],
            [
              95.14147457609116,
              25.938295683669384
            ],
            [
              95.15446435800398,
              25.79103563994633
            ],
            [
              95.10052390785911,
              25.755755768296186
            ],
            [
              94.9299023669201,
              25.542316143859342
            ],
            [
              94.81860166837124,
              25.52792638207981
            ],
            [
              94.73847080774156,
              25.30471653241736
            ],
            [
              94.89760133547297,
              25.11356618842699
            ],
            [
              94.75191988870702,
              24.766246477415418
            ],
            [
              94.71107970149832,
              24.774436560093456
            ],
            [
              94.58208865221025,
              24.525346798766044
            ],
            [
              94.47647786914114,
              24.33032698417727
            ],
            [
              94.4047371167251,
              24.044687100561863
            ],
            [
              94.28400652097076,
              23.94044729897082
            ],
            [
              94.18615615065843,
              23.910677452388505
            ],
            [
              93.89544534508835,
              23.973607868334287
            ],
            [
              93.91380548277363,
              24.040027845583314
            ],
            [
              93.78612510203057,
              24.02740800947949
            ],
            [
              93.50378437429251,
              24.034568333795185
            ],
            [
              93.27879349470187,
              23.6363385522471
            ],
            [
              93.31433338523078,
              23.44278851652559
            ],
            [
              93.1946029347678,
              23.18487862491751
            ],
            [
              93.06036259346358,
              23.035898739039222
            ],
            [
              93.03275249446313,
              22.964908761575874
            ],
            [
              92.99832234806046,
              22.84542878863777
            ],
            [
              92.92603217578124,
              22.748148845565133
            ],
            [
              93.06756205410227,
              22.385758730092075
            ],
            [
              93.02511188384261,
              22.242348764247883
            ],
            [
              92.94759177434224,
              22.20933882657801
            ],
            [
              92.86320154932832,
              22.028588890199654
            ],
            [
              92.59341141233226,
              22.16960907648444
            ],
            [
              92.56051129541899,
              22.031879096429563
            ],
            [
              92.50217123885703,
              22.012349132177082
            ],
            [
              92.52093133921561,
              22.149119121091786
            ],
            [
              92.3938014012388,
              22.4294291963028
            ],
            [
              92.42580160886894,
              22.73958917872826
            ],
            [
              92.26866154538081,
              22.90012926513778
            ],
            [
              92.27638165482374,
              23.096699262173136
            ],
            [
              92.21318165951286,
              23.233519295085365
            ],
            [
              92.27864176125165,
              23.29830926129455
            ],
            [
              92.20076172585286,
              23.395639301370128
            ],
            [
              92.15824176117069,
              23.566099323924462
            ],
            [
              92.19300186038238,
              23.69250930719054
            ],
            [
              92.1447418411773,
              23.77042933080258
            ],
            [
              91.94062158209029,
              23.682119422206398
            ],
            [
              91.88086153083196,
              23.702799446900638
            ],
            [
              91.8231714829038,
              23.72245946993435
            ],
            [
              91.83070139550374,
              23.474119465703662
            ],
            [
              91.69755123294614,
              23.341109515418072
            ],
            [
              91.71195116282773,
              23.11391950936566
            ],
            [
              91.58530102060662,
              22.964119553463746
            ],
            [
              91.47717096260402,
              23.006169588683942
            ],
            [
              91.29298092285448,
              23.27107964325895
            ],
            [
              91.29871088621894,
              23.121149641399555
            ],
            [
              91.21613084573403,
              23.154519663521295
            ],
            [
              91.19614086303041,
              23.26741966934567
            ],
            [
              91.08182086478884,
              23.554789698427484
            ],
            [
              91.15942095609253,
              23.733349679282064
            ],
            [
              91.48649127111749,
              23.993529589299456
            ],
            [
              91.52626133129831,
              24.078969576491595
            ],
            [
              91.76681157210587,
              24.11832949386315
            ],
            [
              91.8148316595003,
              24.221559475929563
            ],
            [
              91.88618171715353,
              24.169869447347242
            ],
            [
              91.93124178890484,
              24.224729429080746
            ],
            [
              92.05653191030527,
              24.161519375168528
            ],
            [
              92.06557199803296,
              24.34075937200059
            ],
            [
              92.24678226360983,
              24.396209285895523
            ],
            [
              92.28422236927915,
              24.504809267587856
            ],
            [
              92.3678724973852,
              24.511089223237573
            ]
          ]
        ]
      }
    },
    {
      "id": "16",
      "type": "Feature",
      "properties": {
        "OBJECTID_1": 17,
        "region_cod": "CENTRAL INDIA",
        "subdivisio": "ORISSA",
        "STATE": "ORISSA",
        "Area": 155002.154294,
        "sanket_x_id": "IMD-17",
        "imd_source_id": "7",
        "sanket_x_subdivision": "ORISSA"
      },
      "geometry": {
        "type": "Polygon",
        "coordinates": [
          [
            [
              83.98607000011593,
              22.46755999967085
            ],
            [
              84.26564000021034,
              22.2853699998769
            ],
            [
              84.41351000048647,
              22.294270000240715
            ],
            [
              84.51803000067716,
              22.3582599998526
            ],
            [
              85.02073000106604,
              22.386669999878443
            ],
            [
              85.06707000103971,
              22.379089999569175
            ],
            [
              85.07954000142496,
              22.31704999995718
            ],
            [
              84.99954000122044,
              22.01014000015526
            ],
            [
              85.23917000069191,
              21.970909999940314
            ],
            [
              85.34103000129876,
              22.101429999208428
            ],
            [
              85.66873000188662,
              22.011539999351523
            ],
            [
              85.79356000301729,
              22.035439998890144
            ],
            [
              85.7624100019566,
              21.934529999030993
            ],
            [
              85.8013200025479,
              21.9161699987519
            ],
            [
              85.92062000289816,
              21.95401999932633
            ],
            [
              85.99689000355569,
              22.1248599989895
            ],
            [
              85.95994000357729,
              22.16190999902913
            ],
            [
              85.9583000043533,
              22.4581499988569
            ],
            [
              86.01604000474454,
              22.47229999893942
            ],
            [
              86.6614300097239,
              22.162489997195234
            ],
            [
              86.67034000889161,
              22.103179997176483
            ],
            [
              86.93131001226435,
              21.9982199953645
            ],
            [
              86.98553001146736,
              21.800499995091023
            ],
            [
              87.04607001185362,
              21.806449995030544
            ],
            [
              87.12284001459818,
              21.92508999429673
            ],
            [
              87.18824001410823,
              21.79576999323686
            ],
            [
              87.38515001729867,
              21.74002999193348
            ],
            [
              87.45477001669155,
              21.53842999119282
            ],
            [
              87.03510000925978,
              21.423369995214962
            ],
            [
              86.79041000583479,
              21.139609996307463
            ],
            [
              86.95079000365934,
              20.752219995442626
            ],
            [
              86.8900800032677,
              20.7395399955484
            ],
            [
              87.0134000038486,
              20.662779994640346
            ],
            [
              86.77740000161205,
              20.478169996036765
            ],
            [
              86.71777000136242,
              20.387449996725707
            ],
            [
              86.75063000075514,
              20.370529996601874
            ],
            [
              86.7758700013502,
              20.43831999645258
            ],
            [
              86.78993000130438,
              20.34224999614505
            ],
            [
              86.39508999910916,
              19.93710999778186
            ],
            [
              86.24849999861867,
              19.84908999795294
            ],
            [
              85.58736999908561,
              19.660639999026007
            ],
            [
              85.55199999950146,
              19.59667999986344
            ],
            [
              85.15613999927187,
              19.409149999339686
            ],
            [
              84.81907999934985,
              19.08653999992315
            ],
            [
              84.73182999983553,
              19.07946999993258
            ],
            [
              84.62195999985921,
              19.1035800003353
            ],
            [
              84.64113999993425,
              19.052030000159167
            ],
            [
              84.41654000010742,
              18.94788999960039
            ],
            [
              84.3916600001047,
              18.85187000026399
            ],
            [
              84.28149000022479,
              18.74019000000193
            ],
            [
              83.8794899994916,
              18.791830000448666
            ],
            [
              83.81510000013844,
              18.972449999856106
            ],
            [
              83.79377999964268,
              18.93573999971878
            ],
            [
              83.77158000010304,
              18.903690000097118
            ],
            [
              83.67447999979275,
              18.978119999714757
            ],
            [
              83.63830999966534,
              19.117219999972903
            ],
            [
              83.4431999995416,
              18.94643000017279
            ],
            [
              83.35355000014084,
              18.95926000036826
            ],
            [
              83.32378000002696,
              18.93566999972485
            ],
            [
              83.40668000044049,
              18.82917000001981
            ],
            [
              83.25438999993914,
              18.72795999958228
            ],
            [
              83.14517999955171,
              18.73361999987417
            ],
            [
              83.02055999972329,
              18.585300000082807
            ],
            [
              83.05514000039734,
              18.33667000001909
            ],
            [
              82.9246799998674,
              18.33980999968459
            ],
            [
              82.8332400003804,
              18.40540000004786
            ],
            [
              82.8057699998917,
              18.334310000462313
            ],
            [
              82.6411900002372,
              18.209600000031422
            ],
            [
              82.57897000040386,
              18.214249999793456
            ],
            [
              82.52105000001976,
              18.441780000346352
            ],
            [
              82.39065999985237,
              18.454789999924174
            ],
            [
              82.33528000030968,
              18.39703000008857
            ],
            [
              82.36535999968405,
              18.2498399999095
            ],
            [
              82.28539000009509,
              18.025159999584282
            ],
            [
              82.240229999634,
              17.992319999890697
            ],
            [
              82.11717999954136,
              18.02456999972252
            ],
            [
              82.00063000021166,
              17.953540000149015
            ],
            [
              81.9081100000282,
              17.937920000385557
            ],
            [
              81.80182999965601,
              17.904749999736126
            ],
            [
              81.63305999995626,
              17.838729999842197
            ],
            [
              81.40329999974206,
              17.776850000446018
            ],
            [
              81.47048000001453,
              17.90165999965882
            ],
            [
              81.49516999969097,
              18.150409999682513
            ],
            [
              81.9746200004005,
              18.541910000004574
            ],
            [
              81.9365700004359,
              18.621320000382962
            ],
            [
              82.0867599995321,
              18.697519999726413
            ],
            [
              82.21599000025017,
              18.876050000376875
            ],
            [
              82.16765999967676,
              19.362290000375623
            ],
            [
              82.02669999993756,
              19.525569999714946
            ],
            [
              82.01388999971157,
              19.759610000029305
            ],
            [
              81.85519999988328,
              19.870019999792017
            ],
            [
              81.87227000009176,
              19.98673999962468
            ],
            [
              81.94859000036321,
              20.042460000315113
            ],
            [
              82.2499800003507,
              19.945010000425523
            ],
            [
              82.34423999995158,
              19.802699999876868
            ],
            [
              82.3950099995279,
              19.852120000022367
            ],
            [
              82.5909600003232,
              19.824249999624904
            ],
            [
              82.6045300001865,
              19.74981000022486
            ],
            [
              82.70108000038633,
              19.895899999837347
            ],
            [
              82.46243999970807,
              19.963449999705347
            ],
            [
              82.37511000015434,
              20.039819999687875
            ],
            [
              82.4036600004398,
              20.382650000363153
            ],
            [
              82.34035000000323,
              20.780360000329587
            ],
            [
              82.48071000013516,
              20.796029999861123
            ],
            [
              82.63919999992116,
              21.01987999979095
            ],
            [
              82.63444999958932,
              21.094090000245114
            ],
            [
              82.67518999954783,
              21.107380000441932
            ],
            [
              83.14623000025001,
              21.079350000263705
            ],
            [
              83.27232999979752,
              21.31340000008193
            ],
            [
              83.37169999961235,
              21.313059999855074
            ],
            [
              83.33854999986279,
              21.479560000010967
            ],
            [
              83.43442999989368,
              21.600910000175848
            ],
            [
              83.3824100004512,
              21.667529999686334
            ],
            [
              83.56649999957358,
              21.748759999747197
            ],
            [
              83.58935999976528,
              21.82084000006719
            ],
            [
              83.52565000036209,
              21.950159999755726
            ],
            [
              83.55250000045274,
              22.0558799996371
            ],
            [
              84.03463999999579,
              22.326989999588328
            ],
            [
              83.95754000045727,
              22.445110000074823
            ],
            [
              83.98607000011593,
              22.46755999967085
            ]
          ]
        ]
      }
    },
    {
      "id": "17",
      "type": "Feature",
      "properties": {
        "OBJECTID_1": 18,
        "region_cod": "NORTH WEST INDIA",
        "subdivisio": "PUNJAB",
        "STATE": "PUNJAB",
        "Area": 50552.1071188,
        "sanket_x_id": "IMD-18",
        "imd_source_id": "14",
        "sanket_x_subdivision": "PUNJAB"
      },
      "geometry": {
        "type": "Polygon",
        "coordinates": [
          [
            [
              75.37748996074065,
              32.30758999787252
            ],
            [
              75.59662997025129,
              32.287749998884344
            ],
            [
              75.64775997222726,
              32.41138999864345
            ],
            [
              75.86210997869773,
              32.46480999966285
            ],
            [
              75.92955998136604,
              32.42458999969101
            ],
            [
              75.94175998087627,
              32.37216999950554
            ],
            [
              75.7399199759782,
              32.243319998687504
            ],
            [
              75.64167997272922,
              32.04744999905962
            ],
            [
              75.8336299790039,
              31.966259998808074
            ],
            [
              76.0029099836358,
              31.840489999616604
            ],
            [
              75.99036998301253,
              31.756429999850823
            ],
            [
              76.07505998528963,
              31.653269999329616
            ],
            [
              76.14406998686474,
              31.40201999917698
            ],
            [
              76.23728998849356,
              31.244959999783134
            ],
            [
              76.2974599892274,
              31.280270000164467
            ],
            [
              76.35648998972883,
              31.35165000002858
            ],
            [
              76.42534999136595,
              31.388829999712087
            ],
            [
              76.44390999137731,
              31.278699999963667
            ],
            [
              76.62163999344489,
              31.225219999733426
            ],
            [
              76.64862999416563,
              31.151159999710973
            ],
            [
              76.61870999365118,
              30.974179999598782
            ],
            [
              76.78425999503482,
              30.877830000436877
            ],
            [
              76.81736999486364,
              30.797760000364278
            ],
            [
              76.85167999545101,
              30.756960000230606
            ],
            [
              76.69400999388318,
              30.748580000309147
            ],
            [
              76.68117999451796,
              30.69014999999998
            ],
            [
              76.84438999608439,
              30.672789999702523
            ],
            [
              76.93229999624643,
              30.56692000050776
            ],
            [
              76.9075399964882,
              30.379269999918062
            ],
            [
              76.76508999493963,
              30.38394999984456
            ],
            [
              76.7137099950291,
              30.34023999995785
            ],
            [
              76.5706599934135,
              30.048069999534466
            ],
            [
              76.39834999077873,
              30.12971999976762
            ],
            [
              76.38131999148376,
              30.094329999854242
            ],
            [
              76.21132998898334,
              30.09208999940065
            ],
            [
              76.26289998925385,
              30.014969999165512
            ],
            [
              76.1487399877111,
              29.967189999235117
            ],
            [
              76.22079998903874,
              29.83140999959874
            ],
            [
              76.17065998794997,
              29.821029999236696
            ],
            [
              76.10447998726569,
              29.818969999508848
            ],
            [
              76.0557799861145,
              29.73027999915305
            ],
            [
              75.95886998385032,
              29.69265999929978
            ],
            [
              75.89142998265768,
              29.73526999943947
            ],
            [
              75.8046299804337,
              29.799199998644063
            ],
            [
              75.58941997422691,
              29.741289997951366
            ],
            [
              75.41314996674996,
              29.766359998191678
            ],
            [
              75.28504996169474,
              29.539419997395377
            ],
            [
              75.1777599570355,
              29.607239996845944
            ],
            [
              75.17784995620224,
              29.819759996470005
            ],
            [
              75.11529995327136,
              29.77549999675952
            ],
            [
              75.12835995286888,
              29.85758999682454
            ],
            [
              74.99061994543703,
              29.857449995842213
            ],
            [
              74.72107992473852,
              29.980839994023604
            ],
            [
              74.61478991574276,
              29.936069993445116
            ],
            [
              74.55394991035469,
              29.932669992535214
            ],
            [
              74.50471990516537,
              29.938689992685028
            ],
            [
              74.44575989937456,
              29.952979991903526
            ],
            [
              73.90045982382985,
              29.975459984243443
            ],
            [
              73.87711981860926,
              30.027299984052338
            ],
            [
              73.96963983288944,
              30.183899985911975
            ],
            [
              73.98752983489808,
              30.265039985656696
            ],
            [
              73.90828982009727,
              30.391409985001033
            ],
            [
              73.96648983030501,
              30.433969985469567
            ],
            [
              73.94550982650921,
              30.470869985882434
            ],
            [
              74.09434984969418,
              30.545159987870903
            ],
            [
              74.43615989189183,
              30.940599992238432
            ],
            [
              74.76962992485281,
              31.091179994653668
            ],
            [
              74.60085990908408,
              31.08312999330304
            ],
            [
              74.55180990374915,
              31.13081999318983
            ],
            [
              74.56205990388622,
              31.329049993311823
            ],
            [
              74.66735991428406,
              31.433679994122475
            ],
            [
              74.54593990088897,
              31.722739993274807
            ],
            [
              74.66935991280387,
              31.864269994015885
            ],
            [
              74.98515993831239,
              32.03673999636427
            ],
            [
              75.30898995851037,
              32.11191999744582
            ],
            [
              75.4202699633622,
              32.26280999815383
            ],
            [
              75.37748996074065,
              32.30758999787252
            ]
          ]
        ]
      }
    },
    {
      "id": "18",
      "type": "Feature",
      "properties": {
        "OBJECTID_1": 19,
        "region_cod": "NORTH WEST INDIA",
        "subdivisio": "WEST RAJASTHAN",
        "STATE": "RAJASTHAN",
        "Area": 202008.119207,
        "sanket_x_id": "IMD-19",
        "imd_source_id": "17",
        "sanket_x_subdivision": "WEST RAJASTHAN"
      },
      "geometry": {
        "type": "Polygon",
        "coordinates": [
          [
            [
              75.6614101327403,
              28.462298352995862
            ],
            [
              75.35465974232935,
              28.325006038590626
            ],
            [
              75.21721439080822,
              28.476420827332277
            ],
            [
              74.9068940513186,
              28.24854255535626
            ],
            [
              74.76421525326305,
              27.927852642261737
            ],
            [
              74.65172233358683,
              27.651346669941248
            ],
            [
              74.83323720117814,
              27.273902924887174
            ],
            [
              75.0664054315147,
              27.398324884923447
            ],
            [
              75.19792420293629,
              27.332429323615518
            ],
            [
              75.07477423950745,
              27.241516919967545
            ],
            [
              75.38292732620748,
              27.154216245106586
            ],
            [
              75.15714431940003,
              26.887767180962538
            ],
            [
              74.91100231113381,
              27.020188474170332
            ],
            [
              74.668449054491,
              26.795231789269078
            ],
            [
              74.69613890379262,
              26.582248235867628
            ],
            [
              74.56779638958267,
              26.605044332159025
            ],
            [
              74.24939628368912,
              26.34757993400268
            ],
            [
              74.4154967662226,
              26.212579225342346
            ],
            [
              74.14975153351868,
              25.886133302796694
            ],
            [
              73.99244443224134,
              25.878583966808947
            ],
            [
              73.79897237393652,
              25.426861439066794
            ],
            [
              73.5173194472743,
              25.15606188941869
            ],
            [
              73.21469857008529,
              24.7413302310561
            ],
            [
              72.99971172882209,
              24.929390357499557
            ],
            [
              73.08582207707879,
              25.04800700662336
            ],
            [
              73.03721591483003,
              25.073888266631226
            ],
            [
              73.01233280960531,
              25.21501623338212
            ],
            [
              72.8515471229758,
              25.277403335799256
            ],
            [
              72.73539685199162,
              25.14272878797238
            ],
            [
              72.50186383450499,
              24.90165758117987
            ],
            [
              72.4970520172052,
              24.7447987630447
            ],
            [
              72.3728655967333,
              24.737649065361563
            ],
            [
              72.16784431370994,
              24.594630951693944
            ],
            [
              71.91519945953058,
              24.683549870077304
            ],
            [
              71.74325938440678,
              24.67669984923059
            ],
            [
              71.71535937578531,
              24.63715984526788
            ],
            [
              71.40230920310856,
              24.70439979888128
            ],
            [
              71.29082913947883,
              24.68733977944289
            ],
            [
              71.11887903461337,
              24.648689746337393
            ],
            [
              71.07192899371255,
              24.690119736401677
            ],
            [
              71.01390895252165,
              24.68854972336046
            ],
            [
              70.9784389178872,
              24.726469716166466
            ],
            [
              70.77947868137142,
              25.05745966919764
            ],
            [
              70.75156862137447,
              25.205389663221627
            ],
            [
              70.5770983889219,
              25.434269615980817
            ],
            [
              70.54471826817901,
              25.76067960898438
            ],
            [
              70.21093784481296,
              25.757359498163517
            ],
            [
              70.03255753513095,
              25.89177942919558
            ],
            [
              69.97369736855306,
              26.09028940646325
            ],
            [
              70.05687745280964,
              26.23836944280784
            ],
            [
              70.05525731725255,
              26.6347294471611
            ],
            [
              69.75583675628414,
              26.647869315416852
            ],
            [
              69.45405601879453,
              26.816119157191054
            ],
            [
              69.37760577216683,
              26.935129114550282
            ],
            [
              69.52143597852222,
              27.26493920482358
            ],
            [
              69.98105685219502,
              27.64943943200904
            ],
            [
              70.1795771383299,
              27.9749495124516
            ],
            [
              70.45043757164731,
              28.109659603043557
            ],
            [
              70.5831077916934,
              28.03741964088099
            ],
            [
              70.68416798028046,
              27.810179665274624
            ],
            [
              70.83768818878687,
              27.766489702477056
            ],
            [
              71.25971863508241,
              27.90151978833902
            ],
            [
              71.65443897637329,
              27.910169848449815
            ],
            [
              71.8290790975648,
              27.970519869278295
            ],
            [
              71.89049912413162,
              28.15113987707088
            ],
            [
              72.17679928177263,
              28.43765990584653
            ],
            [
              72.36501936389979,
              28.778639921383796
            ],
            [
              72.62629948151067,
              28.901599938649497
            ],
            [
              72.9313295945599,
              29.079159954943407
            ],
            [
              73.10156964557493,
              29.268919961896557
            ],
            [
              73.30208969733502,
              29.610009969853255
            ],
            [
              73.42515972327374,
              29.96322997333713
            ],
            [
              73.80346980514076,
              30.081249982555534
            ],
            [
              73.96963983288944,
              30.183899985911975
            ],
            [
              73.87711981860926,
              30.027299984052338
            ],
            [
              73.90045982382985,
              29.975459984243443
            ],
            [
              74.44575989937456,
              29.952979991903526
            ],
            [
              74.50471990516537,
              29.938689992685028
            ],
            [
              74.55394991035469,
              29.932669992535214
            ],
            [
              74.47632990349976,
              29.750209992110396
            ],
            [
              74.59669991511603,
              29.68524999320694
            ],
            [
              74.59517991639555,
              29.47538999321084
            ],
            [
              74.52240990992469,
              29.41959999207497
            ],
            [
              74.59006991703211,
              29.295189993250357
            ],
            [
              74.8938499404387,
              29.349349995220262
            ],
            [
              74.91385994236386,
              29.27388999537084
            ],
            [
              75.16630995715316,
              29.24879999654968
            ],
            [
              75.20392995885707,
              29.20891999718866
            ],
            [
              75.30958996349892,
              29.289959997312174
            ],
            [
              75.31537996450487,
              29.235839997137788
            ],
            [
              75.3835299673567,
              29.228809997309707
            ],
            [
              75.37878996755731,
              29.033499997419398
            ],
            [
              75.49502997173208,
              28.979999998151076
            ],
            [
              75.4563299703294,
              28.9040299978605
            ],
            [
              75.52304997365896,
              28.646189997928733
            ],
            [
              75.61635997688958,
              28.493139998644637
            ],
            [
              75.6614101327403,
              28.462298352995862
            ]
          ]
        ]
      }
    },
    {
      "id": "19",
      "type": "Feature",
      "properties": {
        "OBJECTID_1": 21,
        "region_cod": "NORTH WEST INDIA",
        "subdivisio": "EAST UTTAR PRADESH",
        "STATE": "UTTAR PRADESH",
        "Area": 145953.742313,
        "sanket_x_id": "IMD-20",
        "imd_source_id": "10",
        "sanket_x_subdivision": "EAST UTTAR PRADESH"
      },
      "geometry": {
        "type": "Polygon",
        "coordinates": [
          [
            [
              80.10328115767726,
              25.282554576821145
            ],
            [
              80.14634853616009,
              25.43667993152318
            ],
            [
              80.27173466917586,
              25.587874228682043
            ],
            [
              80.3501869903975,
              25.69575671514257
            ],
            [
              80.24649160300777,
              25.831436741506177
            ],
            [
              80.3649781201962,
              25.88934155887149
            ],
            [
              80.30133761372362,
              25.932052347479463
            ],
            [
              80.21415031811352,
              25.931605702421766
            ],
            [
              80.09482358524383,
              25.988244980687735
            ],
            [
              80.0942735674865,
              26.05991041716806
            ],
            [
              79.96726328654628,
              26.066224498810225
            ],
            [
              79.96663360035524,
              26.13788644935595
            ],
            [
              79.86383994725615,
              26.094113615252056
            ],
            [
              79.74388132303896,
              26.17911409864732
            ],
            [
              79.56017609436142,
              26.26338366908402
            ],
            [
              79.51916844248238,
              26.363286265248913
            ],
            [
              79.63636331867916,
              26.543594768301976
            ],
            [
              79.71466524599917,
              26.666140591617328
            ],
            [
              79.67396181748802,
              26.73742263854449
            ],
            [
              79.77716354550273,
              26.788510174921175
            ],
            [
              79.63217271410052,
              26.894665166027092
            ],
            [
              79.54464541966729,
              26.865129554510478
            ],
            [
              79.34369731133181,
              26.948894920855558
            ],
            [
              79.43793705782554,
              27.071773080834635
            ],
            [
              79.30677063864917,
              27.278023611229028
            ],
            [
              79.27270593024221,
              27.406562989353983
            ],
            [
              79.2387824501094,
              27.520763060741384
            ],
            [
              79.1476440887104,
              27.684343657152805
            ],
            [
              79.24373307765175,
              27.714250866043045
            ],
            [
              79.50285225922669,
              27.60266652572648
            ],
            [
              79.62311083274275,
              27.63257036556109
            ],
            [
              79.65711695096907,
              27.482443934836137
            ],
            [
              79.7535917780819,
              27.47617630608576
            ],
            [
              79.71167495769492,
              27.626256624681332
            ],
            [
              79.7590454289314,
              27.70550149898795
            ],
            [
              79.83991819079665,
              27.670378224269715
            ],
            [
              80.07268424235455,
              27.743783493847104
            ],
            [
              80.05484103706897,
              27.94428385916055
            ],
            [
              80.23944776146843,
              28.081563687855795
            ],
            [
              80.28725457468502,
              28.18213008751755
            ],
            [
              80.39961698034445,
              28.33313273931103
            ],
            [
              80.30970990435502,
              28.46167260947801
            ],
            [
              80.44745945107573,
              28.476631353418316
            ],
            [
              80.4031108866842,
              28.604933331085277
            ],
            [
              80.40375999983232,
              28.60467000052139
            ],
            [
              80.53925999986123,
              28.594930000007466
            ],
            [
              80.54327000048734,
              28.633250000195815
            ],
            [
              80.77819000002141,
              28.473680000020728
            ],
            [
              81.18968999976804,
              28.310119999908302
            ],
            [
              81.35236000032566,
              28.108199999816605
            ],
            [
              81.4200100001142,
              28.107729999990134
            ],
            [
              81.80904999961594,
              27.84952999987383
            ],
            [
              81.90282000019769,
              27.8069800002006
            ],
            [
              81.97891000038281,
              27.881280000140926
            ],
            [
              82.06415999998904,
              27.87174000003113
            ],
            [
              82.24186000001586,
              27.78006000052193
            ],
            [
              82.4955799999655,
              27.631729999780564
            ],
            [
              82.70065000031917,
              27.646060000537233
            ],
            [
              82.76948999996381,
              27.469310000466017
            ],
            [
              83.206210000198,
              27.397710000052825
            ],
            [
              83.27463999963295,
              27.368409999800125
            ],
            [
              83.30218000038187,
              27.287599999903687
            ],
            [
              83.37753000013738,
              27.275940000381688
            ],
            [
              83.42605000037864,
              27.445730000529334
            ],
            [
              83.65602000015922,
              27.426420000501764
            ],
            [
              83.84755000030651,
              27.316830000319936
            ],
            [
              83.81232000065185,
              27.278430000096346
            ],
            [
              83.82247999999164,
              27.238399999989397
            ],
            [
              83.8894900001806,
              27.234520000028173
            ],
            [
              83.9346600004969,
              27.258470000106023
            ],
            [
              83.98814000002197,
              27.202109999728115
            ],
            [
              84.07288000077416,
              26.810170000241897
            ],
            [
              84.24610000031846,
              26.73548000040052
            ],
            [
              84.29778000081491,
              26.643160000220632
            ],
            [
              84.37923000124455,
              26.634670000256207
            ],
            [
              84.39000000097121,
              26.54371999995386
            ],
            [
              84.12913000040795,
              26.57249000009173
            ],
            [
              84.03658000024349,
              26.463300000348564
            ],
            [
              83.93259000014353,
              26.43087000044648
            ],
            [
              83.91399000005441,
              26.38523000007959
            ],
            [
              84.16946000060265,
              26.283220000464574
            ],
            [
              84.17534000010231,
              26.17345000005854
            ],
            [
              84.01386000040121,
              26.138270000508818
            ],
            [
              84.0437200001668,
              26.02482000000558
            ],
            [
              84.193480000094,
              25.931849999925245
            ],
            [
              84.52675000060519,
              25.74049999981858
            ],
            [
              84.61140000129686,
              25.695830000138805
            ],
            [
              84.64248000118934,
              25.59628999981917
            ],
            [
              84.54428000090702,
              25.59227000012853
            ],
            [
              84.43536000090508,
              25.702129999952785
            ],
            [
              83.96708999988924,
              25.49962999964612
            ],
            [
              83.89249999988472,
              25.432050000094158
            ],
            [
              83.76797999998622,
              25.31114000035455
            ],
            [
              83.65848000027701,
              25.27867999970682
            ],
            [
              83.5136499997283,
              25.218849999880614
            ],
            [
              83.4106899997931,
              25.16332000030141
            ],
            [
              83.3536299999689,
              24.997360000249397
            ],
            [
              83.37164000053387,
              24.752230000364076
            ],
            [
              83.41956000053771,
              24.701439999612283
            ],
            [
              83.55588999964543,
              24.520730000350753
            ],
            [
              83.55591999998519,
              24.466640000013793
            ],
            [
              83.49561000043423,
              24.43248000046295
            ],
            [
              83.43525999998766,
              24.368869999909847
            ],
            [
              83.47028000042049,
              24.280449999884826
            ],
            [
              83.39790000024321,
              24.056689999989413
            ],
            [
              83.2623100003576,
              23.90695000025283
            ],
            [
              83.18271000034922,
              23.79954999966889
            ],
            [
              82.98993000036143,
              23.747879999848877
            ],
            [
              82.77501000026224,
              23.842479999972607
            ],
            [
              82.78026000030326,
              23.916220000333375
            ],
            [
              82.62842000005219,
              24.00696999961776
            ],
            [
              82.65056999978135,
              24.052899999862316
            ],
            [
              82.71633999954464,
              24.041580000335625
            ],
            [
              82.7977900004438,
              24.191250000506226
            ],
            [
              82.71909000000629,
              24.314020000157047
            ],
            [
              82.73726999994985,
              24.45682000045349
            ],
            [
              82.81459000038565,
              24.446110000228593
            ],
            [
              82.79099999954515,
              24.51509000033811
            ],
            [
              82.69976999995552,
              24.57643999972793
            ],
            [
              82.40185999967012,
              24.594900000330426
            ],
            [
              82.37616000026115,
              24.50164999964445
            ],
            [
              82.32101000003435,
              24.52775000043876
            ],
            [
              82.29518000043805,
              24.59767000003893
            ],
            [
              82.21220999983488,
              24.595989999839386
            ],
            [
              82.21768000022549,
              24.66867999978967
            ],
            [
              82.1627800000171,
              24.675949999993904
            ],
            [
              82.07457999964151,
              24.744509999995962
            ],
            [
              81.9326199999587,
              24.785890000451506
            ],
            [
              81.85125999957495,
              24.917670000374077
            ],
            [
              81.6763899998544,
              24.939730000480367
            ],
            [
              81.58666999991006,
              25.001439999730838
            ],
            [
              81.61265000013705,
              25.04064999966183
            ],
            [
              81.55202000002039,
              25.144300000134088
            ],
            [
              81.49418999995176,
              25.11904999984663
            ],
            [
              81.47936999951622,
              24.989600000194464
            ],
            [
              81.39713999963057,
              24.982850000388066
            ],
            [
              81.40190999958978,
              25.047170000308554
            ],
            [
              81.27192000021938,
              25.08401999977847
            ],
            [
              81.19846999982596,
              24.84393000036173
            ],
            [
              81.12308000013158,
              24.816080000201374
            ],
            [
              81.044140000444,
              24.856520000239247
            ],
            [
              80.82342999997945,
              24.82571000032625
            ],
            [
              80.79163000028588,
              24.88886000046125
            ],
            [
              80.8978799998962,
              25.086749999973005
            ],
            [
              80.85311999956225,
              25.03740000045356
            ],
            [
              80.69687999994409,
              25.018500000128174
            ],
            [
              80.76036000035339,
              24.976610000120548
            ],
            [
              80.72275999976829,
              24.96688000021035
            ],
            [
              80.59685000011496,
              25.052499999837654
            ],
            [
              80.56535000007082,
              24.987700000081162
            ],
            [
              80.51077999960779,
              25.01044000007832
            ],
            [
              80.53516000030625,
              24.93422000039292
            ],
            [
              80.45522000039796,
              24.883490000113696
            ],
            [
              80.42801000007678,
              24.974910000483348
            ],
            [
              80.36255999999536,
              24.921050000295025
            ],
            [
              80.25830000007444,
              24.952129999697995
            ],
            [
              80.35116999975467,
              25.027350000375044
            ],
            [
              80.32587000046149,
              25.06186000036616
            ],
            [
              80.40922999963367,
              25.07374000020471
            ],
            [
              80.41893999958181,
              25.142710000406954
            ],
            [
              80.29812000026685,
              25.183529999774688
            ],
            [
              80.25626000040046,
              25.3309400002056
            ],
            [
              80.10328115767726,
              25.282554576821145
            ]
          ]
        ]
      }
    },
    {
      "id": "20",
      "type": "Feature",
      "properties": {
        "OBJECTID_1": 22,
        "region_cod": "EAST AND NORTH EAST INDIA",
        "subdivisio": "GANGETIC WEST BENGAL",
        "STATE": "WEST BENGAL",
        "Area": 61436.3744043,
        "sanket_x_id": "IMD-21",
        "imd_source_id": "6",
        "sanket_x_subdivision": "GANGETIC WEST BENGAL"
      },
      "geometry": {
        "type": "Polygon",
        "coordinates": [
          [
            [
              88.15410260952198,
              24.657401982143305
            ],
            [
              88.13033009724445,
              24.579389981224583
            ],
            [
              88.240220104582,
              24.409329978731407
            ],
            [
              88.38731011866759,
              24.327269974275303
            ],
            [
              88.8033201708943,
              24.24053996094779
            ],
            [
              88.8340201708029,
              24.111389959351687
            ],
            [
              88.79024016054069,
              24.029209960889183
            ],
            [
              88.8387601649611,
              23.95036995900478
            ],
            [
              88.79757015717712,
              23.89487996068459
            ],
            [
              88.58850012813419,
              23.840289968430046
            ],
            [
              88.4733801088386,
              23.626569972413712
            ],
            [
              88.60738011888314,
              23.497829968076147
            ],
            [
              88.66167012579373,
              23.51047996619288
            ],
            [
              88.6515401225474,
              23.45404996590923
            ],
            [
              88.69830012771743,
              23.438079964451518
            ],
            [
              88.69379012134485,
              23.29337996473398
            ],
            [
              88.62542011216141,
              23.232049967246432
            ],
            [
              88.65972011468062,
              23.20174996577373
            ],
            [
              88.86967013747163,
              23.176739957591007
            ],
            [
              88.7887501192373,
              22.958549960787117
            ],
            [
              88.848300121963,
              22.874029958957554
            ],
            [
              88.83206010627032,
              22.53613995881501
            ],
            [
              89.00450010449619,
              22.133049951300528
            ],
            [
              88.91999009207937,
              22.03445995558182
            ],
            [
              88.94149008696108,
              21.87821995437305
            ],
            [
              88.72216007286363,
              21.913689963252963
            ],
            [
              88.68948007341687,
              21.994259964495928
            ],
            [
              88.61357006781479,
              21.97680996761015
            ],
            [
              88.58234006664253,
              21.99584996812278
            ],
            [
              88.5325200594934,
              21.864619969612768
            ],
            [
              88.37498004799737,
              21.760689974633145
            ],
            [
              88.12901003774253,
              21.74531998079167
            ],
            [
              88.10918004046881,
              21.895389980858745
            ],
            [
              88.16508004581965,
              22.062339979813764
            ],
            [
              88.12763004671983,
              22.148449980828673
            ],
            [
              88.07054004347555,
              22.145959981415373
            ],
            [
              88.11454004453995,
              22.064129981175128
            ],
            [
              87.80583002567892,
              21.6776999868404
            ],
            [
              87.45477001669155,
              21.53842999119282
            ],
            [
              87.38515001729867,
              21.74002999193348
            ],
            [
              87.18824001410823,
              21.79576999323686
            ],
            [
              87.12284001459818,
              21.92508999429673
            ],
            [
              87.04607001185362,
              21.806449995030544
            ],
            [
              86.98553001146736,
              21.800499995091023
            ],
            [
              86.93131001226435,
              21.9982199953645
            ],
            [
              86.67034000889161,
              22.103179997176483
            ],
            [
              86.6614300097239,
              22.162489997195234
            ],
            [
              86.71186000967725,
              22.143359996719056
            ],
            [
              86.8117600114327,
              22.235289996098036
            ],
            [
              86.68795001080342,
              22.39433999720528
            ],
            [
              86.68736001143925,
              22.4960099965272
            ],
            [
              86.59566000965486,
              22.515359997135835
            ],
            [
              86.50637000970687,
              22.646959997231274
            ],
            [
              86.40713000829163,
              22.685759998049353
            ],
            [
              86.39313000884185,
              22.745539997524276
            ],
            [
              86.40485000841761,
              22.85170999816772
            ],
            [
              86.49438000977646,
              22.922919997562804
            ],
            [
              86.14494000676206,
              22.947049998536087
            ],
            [
              85.96695000489109,
              23.06087999869949
            ],
            [
              85.90354000466738,
              23.073019999203655
            ],
            [
              85.80665000460687,
              23.161199998943072
            ],
            [
              85.81356000495582,
              23.342399999564808
            ],
            [
              85.8303000044392,
              23.391779998734318
            ],
            [
              85.84354000521827,
              23.39967999899161
            ],
            [
              85.99516000589715,
              23.421989999109297
            ],
            [
              85.97784000578699,
              23.460259998945553
            ],
            [
              86.0835000067372,
              23.489859999043826
            ],
            [
              86.12237000714907,
              23.38365999853442
            ],
            [
              86.24818000841779,
              23.3192899985968
            ],
            [
              86.29467000908153,
              23.331789998240875
            ],
            [
              86.36309001070288,
              23.509819998300614
            ],
            [
              86.56007001347862,
              23.63299999696078
            ],
            [
              86.73983001672819,
              23.602799996816863
            ],
            [
              86.81624001943102,
              23.730669995873615
            ],
            [
              86.79155001906975,
              23.773939996204135
            ],
            [
              86.84333002054433,
              23.835929995807096
            ],
            [
              86.99101002373959,
              23.739019995354784
            ],
            [
              87.18884003013873,
              23.79986999386163
            ],
            [
              87.23788003225883,
              23.775369993196097
            ],
            [
              87.33006003653205,
              23.88534999276684
            ],
            [
              87.30015003520379,
              23.93401999254205
            ],
            [
              87.37985003882186,
              23.970949992472974
            ],
            [
              87.392170039153,
              23.934199992238202
            ],
            [
              87.53321004594223,
              23.928359990021665
            ],
            [
              87.59636005090069,
              24.063709990004753
            ],
            [
              87.80125006364533,
              24.115009986854126
            ],
            [
              87.77650006300102,
              24.21799998716594
            ],
            [
              87.88431007206593,
              24.303659985780726
            ],
            [
              87.8706900739829,
              24.485839985611527
            ],
            [
              87.95986008135394,
              24.535329983965283
            ],
            [
              87.94386008205042,
              24.628289984778174
            ],
            [
              87.93692008303994,
              24.736069984836853
            ],
            [
              88.15410260952198,
              24.657401982143305
            ]
          ]
        ]
      }
    },
    {
      "id": "21",
      "type": "Feature",
      "properties": {
        "OBJECTID_1": 23,
        "region_cod": "EAST AND NORTH EAST INDIA",
        "subdivisio": "SHWB & SIKKIM",
        "STATE": "WEST BENGAL",
        "Area": 29735.110061,
        "sanket_x_id": "IMD-22",
        "imd_source_id": "5",
        "sanket_x_subdivision": "SHWB & SIKKIM"
      },
      "geometry": {
        "type": "Polygon",
        "coordinates": [
          [
            [
              88.15410260952198,
              24.657401982143305
            ],
            [
              87.93692008303994,
              24.736069984836853
            ],
            [
              87.93860008658665,
              24.97689998469645
            ],
            [
              87.87020008223891,
              25.047799985939243
            ],
            [
              87.84749008209914,
              25.201659986144954
            ],
            [
              87.94475009129368,
              25.225069984919024
            ],
            [
              87.88350008902687,
              25.41212998553135
            ],
            [
              87.9974601001293,
              25.46686998362617
            ],
            [
              88.11669011310117,
              25.455889981563335
            ],
            [
              88.15511011834649,
              25.502189980818756
            ],
            [
              88.06435010831711,
              25.55148998292081
            ],
            [
              88.10076011406805,
              25.648079981779098
            ],
            [
              87.88891009558714,
              25.849379986307497
            ],
            [
              87.91021009959059,
              25.97224998570013
            ],
            [
              88.0546801177908,
              26.138819982663133
            ],
            [
              88.32689015647621,
              26.299419977460968
            ],
            [
              88.30048015513594,
              26.413289977480563
            ],
            [
              88.25878014977825,
              26.492969979351
            ],
            [
              88.18238013993403,
              26.528169980260632
            ],
            [
              88.23039015133166,
              26.766429979339794
            ],
            [
              88.18237014722101,
              26.917099980527052
            ],
            [
              88.03819012911889,
              27.04625998346636
            ],
            [
              88.04078013143345,
              27.168689983569138
            ],
            [
              88.07466014013659,
              27.416639982969116
            ],
            [
              88.13728015160659,
              27.617709982294063
            ],
            [
              88.21935016681884,
              27.758359980686276
            ],
            [
              88.16740016085105,
              27.901189982037028
            ],
            [
              88.44964021121274,
              27.962569974902994
            ],
            [
              88.62381025169489,
              28.081119970034052
            ],
            [
              88.72968027651653,
              28.08103996712882
            ],
            [
              88.86284030912762,
              28.001399961439045
            ],
            [
              88.93565032522976,
              27.861989958691684
            ],
            [
              88.82703028312406,
              27.42271996256126
            ],
            [
              88.93380030670124,
              27.304699957841866
            ],
            [
              88.79675026822541,
              27.166159963214877
            ],
            [
              88.9082602936823,
              27.1034299586301
            ],
            [
              88.91873029378286,
              27.011349958440416
            ],
            [
              88.97069030612084,
              26.986759956384578
            ],
            [
              89.22655037444868,
              26.81092994324347
            ],
            [
              89.4716104620094,
              26.856269928745377
            ],
            [
              89.68204054419725,
              26.80047991299122
            ],
            [
              89.72898055983413,
              26.72403990860594
            ],
            [
              89.92184065123102,
              26.717199891266592
            ],
            [
              89.90943063401603,
              26.579069892591974
            ],
            [
              89.9067106211017,
              26.42988989189931
            ],
            [
              89.90119061467605,
              26.383899892580505
            ],
            [
              89.88529060253137,
              26.32527989435539
            ],
            [
              89.83978057906883,
              26.291149898576048
            ],
            [
              89.78857055287371,
              26.250709902974872
            ],
            [
              89.66169049436418,
              26.177889913405405
            ],
            [
              89.63712047273161,
              25.998599914712376
            ],
            [
              89.38678038671453,
              26.024689932680886
            ],
            [
              89.2062503378457,
              26.151509943098567
            ],
            [
              89.15361033217269,
              26.356899946837704
            ],
            [
              89.01647029915016,
              26.45067995372971
            ],
            [
              88.954390279924,
              26.371939956314577
            ],
            [
              89.07426030590891,
              26.241319950187474
            ],
            [
              88.95305027638429,
              26.276529956114672
            ],
            [
              88.78953023790223,
              26.244989962944036
            ],
            [
              88.82967024356654,
              26.157639961271123
            ],
            [
              88.78777023431276,
              26.141999962531113
            ],
            [
              88.71090022001046,
              26.18217996546375
            ],
            [
              88.7617302339691,
              26.29852996396438
            ],
            [
              88.47255018514359,
              26.568489973155334
            ],
            [
              88.3974101721542,
              26.527179975037807
            ],
            [
              88.410610172385,
              26.439999975287407
            ],
            [
              88.59556020275703,
              26.368139969280026
            ],
            [
              88.56893019696713,
              26.314759970721905
            ],
            [
              88.43966017332122,
              26.29337997420959
            ],
            [
              88.39089016341985,
              26.173079975141356
            ],
            [
              88.24027014066607,
              26.111109979164624
            ],
            [
              88.16188012675973,
              25.917519980822227
            ],
            [
              88.1843001263707,
              25.7459599802811
            ],
            [
              88.32625014446172,
              25.74408997732357
            ],
            [
              88.54539017085487,
              25.52008997050377
            ],
            [
              88.71562019759223,
              25.42921996472058
            ],
            [
              88.88012023050747,
              25.486389958193687
            ],
            [
              88.88462022706902,
              25.368599957928335
            ],
            [
              89.09326026840863,
              25.279959948473845
            ],
            [
              89.00342024319839,
              25.155149952817528
            ],
            [
              88.52895015831943,
              25.144619971220248
            ],
            [
              88.40592013410338,
              24.854339974049566
            ],
            [
              88.31045012210915,
              24.840519976583685
            ],
            [
              88.28960012161807,
              24.904279977737538
            ],
            [
              88.22659011357615,
              24.894359979225197
            ],
            [
              88.15410260952198,
              24.657401982143305
            ]
          ]
        ]
      }
    },
    {
      "id": "22",
      "type": "Feature",
      "properties": {
        "OBJECTID_1": 24,
        "region_cod": "EAST AND NORTH EAST INDIA",
        "subdivisio": "JHARKHAND",
        "STATE": "JHARKHAND",
        "Area": 83929.6156714,
        "sanket_x_id": "IMD-23",
        "imd_source_id": "8",
        "sanket_x_subdivision": "JHARKHAND"
      },
      "geometry": {
        "type": "Polygon",
        "coordinates": [
          [
            [
              87.94475009129368,
              25.225069984919024
            ],
            [
              87.84749008209914,
              25.201659986144954
            ],
            [
              87.87020008223891,
              25.047799985939243
            ],
            [
              87.93860008658665,
              24.97689998469645
            ],
            [
              87.93692008303994,
              24.736069984836853
            ],
            [
              87.94386008205042,
              24.628289984778174
            ],
            [
              87.95986008135394,
              24.535329983965283
            ],
            [
              87.8706900739829,
              24.485839985611527
            ],
            [
              87.88431007206593,
              24.303659985780726
            ],
            [
              87.77650006300102,
              24.21799998716594
            ],
            [
              87.80125006364533,
              24.115009986854126
            ],
            [
              87.59636005090069,
              24.063709990004753
            ],
            [
              87.53321004594223,
              23.928359990021665
            ],
            [
              87.392170039153,
              23.934199992238202
            ],
            [
              87.37985003882186,
              23.970949992472974
            ],
            [
              87.30015003520379,
              23.93401999254205
            ],
            [
              87.33006003653205,
              23.88534999276684
            ],
            [
              87.23788003225883,
              23.775369993196097
            ],
            [
              87.18884003013873,
              23.79986999386163
            ],
            [
              86.99101002373959,
              23.739019995354784
            ],
            [
              86.84333002054433,
              23.835929995807096
            ],
            [
              86.79155001906975,
              23.773939996204135
            ],
            [
              86.81624001943102,
              23.730669995873615
            ],
            [
              86.73983001672819,
              23.602799996816863
            ],
            [
              86.56007001347862,
              23.63299999696078
            ],
            [
              86.36309001070288,
              23.509819998300614
            ],
            [
              86.29467000908153,
              23.331789998240875
            ],
            [
              86.24818000841779,
              23.3192899985968
            ],
            [
              86.12237000714907,
              23.38365999853442
            ],
            [
              86.0835000067372,
              23.489859999043826
            ],
            [
              85.97784000578699,
              23.460259998945553
            ],
            [
              85.99516000589715,
              23.421989999109297
            ],
            [
              85.84354000521827,
              23.39967999899161
            ],
            [
              85.8303000044392,
              23.391779998734318
            ],
            [
              85.81356000495582,
              23.342399999564808
            ],
            [
              85.80665000460687,
              23.161199998943072
            ],
            [
              85.90354000466738,
              23.073019999203655
            ],
            [
              85.96695000489109,
              23.06087999869949
            ],
            [
              86.14494000676206,
              22.947049998536087
            ],
            [
              86.49438000977646,
              22.922919997562804
            ],
            [
              86.40485000841761,
              22.85170999816772
            ],
            [
              86.39313000884185,
              22.745539997524276
            ],
            [
              86.40713000829163,
              22.685759998049353
            ],
            [
              86.50637000970687,
              22.646959997231274
            ],
            [
              86.59566000965486,
              22.515359997135835
            ],
            [
              86.68736001143925,
              22.4960099965272
            ],
            [
              86.68795001080342,
              22.39433999720528
            ],
            [
              86.8117600114327,
              22.235289996098036
            ],
            [
              86.71186000967725,
              22.143359996719056
            ],
            [
              86.6614300097239,
              22.162489997195234
            ],
            [
              86.01604000474454,
              22.47229999893942
            ],
            [
              85.9583000043533,
              22.4581499988569
            ],
            [
              85.95994000357729,
              22.16190999902913
            ],
            [
              85.99689000355569,
              22.1248599989895
            ],
            [
              85.92062000289816,
              21.95401999932633
            ],
            [
              85.8013200025479,
              21.9161699987519
            ],
            [
              85.7624100019566,
              21.934529999030993
            ],
            [
              85.79356000301729,
              22.035439998890144
            ],
            [
              85.66873000188662,
              22.011539999351523
            ],
            [
              85.34103000129876,
              22.101429999208428
            ],
            [
              85.23917000069191,
              21.970909999940314
            ],
            [
              84.99954000122044,
              22.01014000015526
            ],
            [
              85.07954000142496,
              22.31704999995718
            ],
            [
              85.06707000103971,
              22.379089999569175
            ],
            [
              85.02073000106604,
              22.386669999878443
            ],
            [
              84.51803000067716,
              22.3582599998526
            ],
            [
              84.41351000048647,
              22.294270000240715
            ],
            [
              84.26564000021034,
              22.2853699998769
            ],
            [
              83.98607000011593,
              22.46755999967085
            ],
            [
              84.18940000032572,
              22.584119999583436
            ],
            [
              84.35411999992549,
              22.821390000160733
            ],
            [
              84.34322000048722,
              22.880670000434193
            ],
            [
              84.11615999991878,
              22.91357000002903
            ],
            [
              84.01286000018352,
              23.097300000004026
            ],
            [
              84.03648000012153,
              23.164440000056338
            ],
            [
              84.0546000002456,
              23.25432999994257
            ],
            [
              83.95356000049354,
              23.28469999979205
            ],
            [
              84.00484000050761,
              23.53450999992828
            ],
            [
              83.9289700003566,
              23.53712000038001
            ],
            [
              83.88571000005909,
              23.463910000185347
            ],
            [
              83.77908000008026,
              23.486830000053786
            ],
            [
              83.68378000016828,
              23.607159999784106
            ],
            [
              83.60889999967479,
              23.8205000002403
            ],
            [
              83.47468999968646,
              23.897959999846993
            ],
            [
              83.2623100003576,
              23.90695000025283
            ],
            [
              83.39790000024321,
              24.056689999989413
            ],
            [
              83.47028000042049,
              24.280449999884826
            ],
            [
              83.43525999998766,
              24.368869999909847
            ],
            [
              83.49561000043423,
              24.43248000046295
            ],
            [
              83.55591999998519,
              24.466640000013793
            ],
            [
              83.55588999964543,
              24.520730000350753
            ],
            [
              83.81280517640566,
              24.52819824212442
            ],
            [
              83.94018554736182,
              24.550415038644783
            ],
            [
              84.02899169960509,
              24.632202148403245
            ],
            [
              84.11761474630221,
              24.479187012392337
            ],
            [
              84.28198242220998,
              24.548034668210633
            ],
            [
              84.49182129003019,
              24.29119872955315
            ],
            [
              84.82800293095882,
              24.524841309230947
            ],
            [
              84.90661621191012,
              24.395019530752123
            ],
            [
              85.16601562730138,
              24.412597656225337
            ],
            [
              85.39501953461998,
              24.532226561285796
            ],
            [
              85.67938232900919,
              24.594604491120702
            ],
            [
              85.70959473234929,
              24.769226073628396
            ],
            [
              86.0578003017273,
              24.778991697618032
            ],
            [
              86.15618897474621,
              24.591186521575647
            ],
            [
              86.32440186753574,
              24.586425778934007
            ],
            [
              86.28900147674267,
              24.462036131487466
            ],
            [
              86.46942140139863,
              24.380432126458842
            ],
            [
              86.53100587493871,
              24.544006345082714
            ],
            [
              86.60021974489263,
              24.60021972380194
            ],
            [
              86.91522219459888,
              24.574829097613485
            ],
            [
              86.95800784022126,
              24.649414057571104
            ],
            [
              87.05358889780516,
              24.608032221975552
            ],
            [
              87.09460452625179,
              24.825012201534424
            ],
            [
              87.16040042798608,
              24.896423334043753
            ],
            [
              87.1690063868031,
              25.04620360675841
            ],
            [
              87.24920658607603,
              25.11138915358445
            ],
            [
              87.35223393641947,
              25.213989250636747
            ],
            [
              87.4776001542235,
              25.218200675413353
            ],
            [
              87.586608951212,
              25.34899901260614
            ],
            [
              87.70898444755508,
              25.277038562822757
            ],
            [
              87.94475009129368,
              25.225069984919024
            ]
          ]
        ]
      }
    },
    {
      "id": "23",
      "type": "Feature",
      "properties": {
        "OBJECTID_1": 25,
        "region_cod": "NORTH WEST INDIA",
        "subdivisio": "UTTARAKHAND",
        "STATE": "UTTAR PRADESH",
        "Area": 51558.8304991,
        "sanket_x_id": "IMD-24",
        "imd_source_id": "12",
        "sanket_x_subdivision": "UTTARAKHAND"
      },
      "geometry": {
        "type": "Polygon",
        "coordinates": [
          [
            [
              80.05306493570103,
              28.79900931940964
            ],
            [
              79.96224186554663,
              28.75816306926363
            ],
            [
              79.83300117147537,
              28.80486744983523
            ],
            [
              79.86611029441322,
              28.87678753521295
            ],
            [
              79.82541979434804,
              28.87643905455026
            ],
            [
              79.61583028215699,
              28.826693399216293
            ],
            [
              79.57410449407844,
              28.903861572549054
            ],
            [
              79.4525493613875,
              28.86670433881448
            ],
            [
              79.35603252736044,
              28.96703591993789
            ],
            [
              79.16518744118554,
              29.012317173149775
            ],
            [
              79.14958597911465,
              29.12550655386637
            ],
            [
              79.05399774660202,
              29.148026146644224
            ],
            [
              78.95252063120994,
              29.122640755750414
            ],
            [
              78.87630635286024,
              29.193070759012937
            ],
            [
              78.71061446641714,
              29.303722612215463
            ],
            [
              78.79883604192545,
              29.31714197546481
            ],
            [
              78.96007453410633,
              29.42712807478626
            ],
            [
              78.74095459047909,
              29.47133080404988
            ],
            [
              78.5607202715144,
              29.593455548543155
            ],
            [
              78.52323939672827,
              29.72999882420882
            ],
            [
              78.30983353957225,
              29.78549405042929
            ],
            [
              78.14899081003813,
              29.668769523172916
            ],
            [
              77.97364349506711,
              29.593292897046926
            ],
            [
              77.9567728992261,
              29.70028418376552
            ],
            [
              77.84827519544461,
              29.67388427384842
            ],
            [
              77.76465176256954,
              29.725550441957157
            ],
            [
              77.72350926534827,
              29.939263335870184
            ],
            [
              77.82863945153426,
              30.07902800539128
            ],
            [
              77.94796674669674,
              30.213086983703857
            ],
            [
              77.60223125986973,
              30.364262276069834
            ],
            [
              77.81847999880407,
              30.471790000641427
            ],
            [
              77.73943999872368,
              30.520430000489576
            ],
            [
              77.78061999916042,
              30.599200000260726
            ],
            [
              77.74057999934617,
              30.729319999938355
            ],
            [
              77.80211999966905,
              30.793070000284075
            ],
            [
              77.77456999899505,
              30.858120000056562
            ],
            [
              77.84176999951977,
              30.95703000041982
            ],
            [
              77.94695999937196,
              31.098310000350804
            ],
            [
              78.0920699997733,
              31.085479999858748
            ],
            [
              78.33102999952177,
              31.225700000471903
            ],
            [
              78.4852699996037,
              31.147750000107653
            ],
            [
              78.77011999955097,
              31.12323000029729
            ],
            [
              78.92285000040178,
              31.033840000150285
            ],
            [
              78.98969000010271,
              31.04711000009931
            ],
            [
              78.937729999918,
              31.191180000509128
            ],
            [
              79.07832000040275,
              31.401769999926252
            ],
            [
              79.16095999954467,
              31.37780000001513
            ],
            [
              79.2958900002861,
              31.247710000031475
            ],
            [
              79.41912000010022,
              31.000850000485578
            ],
            [
              79.64952000036402,
              30.892390000352435
            ],
            [
              79.87896000017635,
              30.924620000372318
            ],
            [
              80.11559000001493,
              30.715340000215132
            ],
            [
              80.14843999987501,
              30.74827000073147
            ],
            [
              80.22410999954965,
              30.721150000363586
            ],
            [
              80.20440000020973,
              30.540390000125345
            ],
            [
              80.56146000032385,
              30.39534000038673
            ],
            [
              80.6377100002432,
              30.403349999867498
            ],
            [
              81.08729000047246,
              30.131109999928444
            ],
            [
              80.86814000007051,
              30.137040000237967
            ],
            [
              80.78565999954495,
              30.040780000070793
            ],
            [
              80.78589000046946,
              29.958840000322922
            ],
            [
              80.60746000014115,
              29.960079999994036
            ],
            [
              80.5270199998176,
              29.897160000253468
            ],
            [
              80.38031999995013,
              29.57330000049737
            ],
            [
              80.23344999964027,
              29.426320000080715
            ],
            [
              80.22562999994976,
              29.354560000298296
            ],
            [
              80.32050000031771,
              29.255029999868277
            ],
            [
              80.31062000050989,
              29.18793000022012
            ],
            [
              80.10229000018886,
              29.029440000081106
            ],
            [
              80.06555000006725,
              28.88504999994591
            ],
            [
              80.05306493570103,
              28.79900931940964
            ]
          ]
        ]
      }
    },
    {
      "id": "24",
      "type": "Feature",
      "properties": {
        "OBJECTID_1": 26,
        "region_cod": "NORTH WEST INDIA",
        "subdivisio": "EAST RAJASTHAN",
        "STATE": "RAJASTHAN",
        "Area": 147757.480144,
        "sanket_x_id": "IMD-25",
        "imd_source_id": "18",
        "sanket_x_subdivision": "EAST RAJASTHAN"
      },
      "geometry": {
        "type": "Polygon",
        "coordinates": [
          [
            [
              75.6614101327403,
              28.462298352995862
            ],
            [
              75.86306998366446,
              28.323799998554534
            ],
            [
              76.0021999863551,
              28.21841999950772
            ],
            [
              75.95104998600178,
              28.085059999458736
            ],
            [
              75.97261998611442,
              27.996949999036232
            ],
            [
              75.91811998537192,
              27.9132099993704
            ],
            [
              75.96304998658977,
              27.79603999903599
            ],
            [
              76.03800998753874,
              27.784099999352275
            ],
            [
              76.14356998959842,
              27.767539999436668
            ],
            [
              76.20053999045203,
              27.76675999922674
            ],
            [
              76.1207399889302,
              27.936459998898744
            ],
            [
              76.17544998949988,
              27.988239999312153
            ],
            [
              76.31904999126677,
              28.006429999943073
            ],
            [
              76.3272599919585,
              28.091819999318044
            ],
            [
              76.28382999092489,
              28.122679999649325
            ],
            [
              76.44137999301229,
              28.100480000018816
            ],
            [
              76.50828999405942,
              27.922299999754063
            ],
            [
              76.8049399960628,
              28.17486000032779
            ],
            [
              76.91275999696832,
              28.112939999671653
            ],
            [
              76.922099996628,
              27.812619999577663
            ],
            [
              76.85663999646563,
              27.60694000016619
            ],
            [
              76.91881999644973,
              27.603159999485996
            ],
            [
              77.0306399970593,
              27.692329999858174
            ],
            [
              77.01488999685729,
              27.759030000210977
            ],
            [
              77.26168999802653,
              27.743619999781917
            ],
            [
              77.39757999888172,
              27.373950000409426
            ],
            [
              77.58932999870346,
              27.17955999977059
            ],
            [
              77.64510999922004,
              27.19157999993867
            ],
            [
              77.56672999929505,
              27.058220000411307
            ],
            [
              77.47622999881621,
              27.017090000456836
            ],
            [
              77.71009999902057,
              26.94561999969079
            ],
            [
              77.4366999985805,
              26.826019999973656
            ],
            [
              77.39956999924141,
              26.70456999985603
            ],
            [
              77.44246999911611,
              26.679949999955166
            ],
            [
              77.46692999859502,
              26.77223000031344
            ],
            [
              77.79770999992789,
              26.841629999978696
            ],
            [
              78.00088000001396,
              26.78125000032046
            ],
            [
              78.0823999996366,
              26.88535999974313
            ],
            [
              78.19997999953335,
              26.889350000201773
            ],
            [
              78.23408999979836,
              26.82317999982235
            ],
            [
              78.07911999950579,
              26.721440000428
            ],
            [
              78.02290000002004,
              26.62656000052881
            ],
            [
              77.82982999967972,
              26.586070000314173
            ],
            [
              77.47580999857634,
              26.341289999993297
            ],
            [
              77.36273999900166,
              26.318960000408545
            ],
            [
              76.78321999675903,
              26.01287999978785
            ],
            [
              76.66641999594441,
              25.82482999975394
            ],
            [
              76.51307999490822,
              25.813339999824805
            ],
            [
              76.40271999407,
              25.72053999954517
            ],
            [
              76.47078999542724,
              25.5665399992086
            ],
            [
              76.45549999498822,
              25.407609999471028
            ],
            [
              76.56809999594331,
              25.27243999978113
            ],
            [
              76.71268999689849,
              25.228059999713963
            ],
            [
              76.96225999810179,
              25.262099999592078
            ],
            [
              77.1182599986891,
              25.271389999792376
            ],
            [
              77.2391099987212,
              25.357300000390417
            ],
            [
              77.32273999928577,
              25.12520999956869
            ],
            [
              77.30693999870182,
              25.046649999790652
            ],
            [
              77.23310999844662,
              25.01177000033064
            ],
            [
              77.08462999869957,
              25.033799999888952
            ],
            [
              76.80317999734304,
              24.977159999856674
            ],
            [
              76.77203999775024,
              24.935479999400325
            ],
            [
              76.81667999784693,
              24.78387999936572
            ],
            [
              76.69224999655509,
              24.734570000009192
            ],
            [
              76.72648999718747,
              24.688140000090506
            ],
            [
              76.9244899975442,
              24.692859999883584
            ],
            [
              76.99061999872994,
              24.457669999466923
            ],
            [
              76.85704999833162,
              24.375219999576522
            ],
            [
              76.74628999721514,
              24.446359999931836
            ],
            [
              76.74116999765018,
              24.351509999377946
            ],
            [
              76.74742999754154,
              24.209179999961485
            ],
            [
              76.84768999847341,
              24.111419999791035
            ],
            [
              76.79087999766934,
              24.04687999946945
            ],
            [
              76.71444999726444,
              24.0316699998505
            ],
            [
              76.60489999668792,
              24.089499999342504
            ],
            [
              76.57688999679362,
              24.17964999984138
            ],
            [
              76.52002999686263,
              24.17957999940413
            ],
            [
              76.44476999611106,
              24.088349999414735
            ],
            [
              76.11076999402849,
              24.15315999874794
            ],
            [
              76.09907999384816,
              24.242189999464703
            ],
            [
              76.04956999270297,
              24.212609999005288
            ],
            [
              76.0286499925642,
              24.035029998896196
            ],
            [
              75.85974999178167,
              23.9441499985312
            ],
            [
              75.9219599924418,
              23.81454999873398
            ],
            [
              75.7873799908461,
              23.79145999830342
            ],
            [
              75.8040299910482,
              23.72380999803343
            ],
            [
              75.78325999130803,
              23.712549998621046
            ],
            [
              75.75442999037273,
              23.69895999811059
            ],
            [
              75.63698998931382,
              23.719849997646143
            ],
            [
              75.58130998836855,
              23.81292999753437
            ],
            [
              75.54762998690707,
              23.840899997663797
            ],
            [
              75.57931998794821,
              23.903719997506936
            ],
            [
              75.67891998924144,
              23.879499998414285
            ],
            [
              75.6502799890166,
              23.92886999793283
            ],
            [
              75.71360998973236,
              24.037449998028112
            ],
            [
              75.65138998835585,
              24.076049997732305
            ],
            [
              75.70627998892226,
              24.22060999869004
            ],
            [
              75.63857998734672,
              24.29426999828767
            ],
            [
              75.66087998720573,
              24.365539998465298
            ],
            [
              75.78072998957548,
              24.396509998599157
            ],
            [
              75.80808998925028,
              24.499069998571095
            ],
            [
              75.7342399883819,
              24.553709998090913
            ],
            [
              75.68672998685135,
              24.694729998302332
            ],
            [
              75.48726998410785,
              24.611119997603407
            ],
            [
              75.08870997353765,
              24.679409995456403
            ],
            [
              75.14286997477838,
              24.76323999592774
            ],
            [
              75.10595997289809,
              24.82644999621646
            ],
            [
              75.26114997741692,
              24.75654999624992
            ],
            [
              75.34891998037749,
              24.80359999661262
            ],
            [
              75.18694997581476,
              24.818549996705777
            ],
            [
              75.16855997452488,
              24.899889995965218
            ],
            [
              75.21144997628423,
              24.863269996217134
            ],
            [
              75.27177997755018,
              24.965069997015277
            ],
            [
              75.1510699735643,
              24.99448999655678
            ],
            [
              75.11671997234527,
              25.00274999580878
            ],
            [
              75.06583997055857,
              25.00233999522813
            ],
            [
              75.028949970495,
              24.849519995031194
            ],
            [
              74.93001996704056,
              24.786129994798486
            ],
            [
              74.72619995779559,
              24.918799992864315
            ],
            [
              74.74399996006022,
              24.727559993562995
            ],
            [
              74.88428996616001,
              24.69852999412567
            ],
            [
              74.8048899633582,
              24.56980999338751
            ],
            [
              74.70691995856365,
              24.706339993231044
            ],
            [
              74.64198995692558,
              24.504689992475935
            ],
            [
              74.64613995732995,
              24.41936999256423
            ],
            [
              74.71145996073385,
              24.410529993106994
            ],
            [
              74.63646995935945,
              24.194399992254386
            ],
            [
              74.81247996654312,
              24.1704799940051
            ],
            [
              74.77642996628839,
              24.068569993115585
            ],
            [
              75.02765997734946,
              23.68568999519187
            ],
            [
              75.00699997687086,
              23.549099994823255
            ],
            [
              74.85936997326388,
              23.455969994531834
            ],
            [
              74.70534996956516,
              23.400419993167333
            ],
            [
              74.63003996828218,
              23.263629992342324
            ],
            [
              74.83507997498859,
              23.133199993577975
            ],
            [
              74.59478996882198,
              23.045709991792677
            ],
            [
              74.39708996238127,
              22.999219989259192
            ],
            [
              74.34312995822913,
              23.117989988359557
            ],
            [
              74.218489952478,
              23.116179986744775
            ],
            [
              74.18155994863957,
              23.232309986566914
            ],
            [
              74.07567994179772,
              23.307969984420264
            ],
            [
              73.93078993150576,
              23.357169982180302
            ],
            [
              73.75725991736213,
              23.40200997798649
            ],
            [
              73.6929499075042,
              23.597329976721817
            ],
            [
              73.61651990188886,
              23.566379974806726
            ],
            [
              73.48931988345426,
              23.7646199710662
            ],
            [
              73.23590984159117,
              24.073979962575866
            ],
            [
              73.10086982399308,
              23.992889956996517
            ],
            [
              72.97018979640106,
              24.130129950857835
            ],
            [
              72.94819978939842,
              24.19142994995602
            ],
            [
              73.06189980300793,
              24.340559955518646
            ],
            [
              72.96016978202205,
              24.403269950795835
            ],
            [
              72.96092977969275,
              24.45924995072735
            ],
            [
              72.96131977901085,
              24.488049950188877
            ],
            [
              72.90754976830226,
              24.490549947512765
            ],
            [
              72.79048975039012,
              24.35365994153628
            ],
            [
              72.1111995466159,
              24.564649890765864
            ],
            [
              72.17367956591748,
              24.59256989662043
            ],
            [
              72.16784431370994,
              24.594630951693944
            ],
            [
              72.3728655967333,
              24.737649065361563
            ],
            [
              72.4970520172052,
              24.7447987630447
            ],
            [
              72.50186383450499,
              24.90165758117987
            ],
            [
              72.73539685199162,
              25.14272878797238
            ],
            [
              72.8515471229758,
              25.277403335799256
            ],
            [
              73.01233280960531,
              25.21501623338212
            ],
            [
              73.03721591483003,
              25.073888266631226
            ],
            [
              73.08582207707879,
              25.04800700662336
            ],
            [
              72.99971172882209,
              24.929390357499557
            ],
            [
              73.21469857008529,
              24.7413302310561
            ],
            [
              73.5173194472743,
              25.15606188941869
            ],
            [
              73.79897237393652,
              25.426861439066794
            ],
            [
              73.99244443224134,
              25.878583966808947
            ],
            [
              74.14975153351868,
              25.886133302796694
            ],
            [
              74.4154967662226,
              26.212579225342346
            ],
            [
              74.24939628368912,
              26.34757993400268
            ],
            [
              74.56779638958267,
              26.605044332159025
            ],
            [
              74.69613890379262,
              26.582248235867628
            ],
            [
              74.668449054491,
              26.795231789269078
            ],
            [
              74.91100231113381,
              27.020188474170332
            ],
            [
              75.15714431940003,
              26.887767180962538
            ],
            [
              75.38292732620748,
              27.154216245106586
            ],
            [
              75.07477423950745,
              27.241516919967545
            ],
            [
              75.19792420293629,
              27.332429323615518
            ],
            [
              75.0664054315147,
              27.398324884923447
            ],
            [
              74.83323720117814,
              27.273902924887174
            ],
            [
              74.65172233358683,
              27.651346669941248
            ],
            [
              74.76421525326305,
              27.927852642261737
            ],
            [
              74.9068940513186,
              28.24854255535626
            ],
            [
              75.21721439080822,
              28.476420827332277
            ],
            [
              75.35465974232935,
              28.325006038590626
            ],
            [
              75.6614101327403,
              28.462298352995862
            ]
          ]
        ]
      }
    },
    {
      "id": "25",
      "type": "Feature",
      "properties": {
        "OBJECTID_1": 27,
        "region_cod": "CENTRAL INDIA",
        "subdivisio": "GUJARAT REGION",
        "STATE": "GUJARAT",
        "Area": 85653.3074022,
        "sanket_x_id": "IMD-26",
        "imd_source_id": "21",
        "sanket_x_subdivision": "GUJARAT REGION"
      },
      "geometry": {
        "type": "Polygon",
        "coordinates": [
          [
            [
              71.91519945953058,
              24.683549870077304
            ],
            [
              72.17367956591748,
              24.592569896620443
            ],
            [
              72.1111995466159,
              24.564649890765864
            ],
            [
              72.79048975039011,
              24.353659941536307
            ],
            [
              72.90754976830226,
              24.490549947512783
            ],
            [
              72.96131977901086,
              24.488049950188895
            ],
            [
              72.96092977969276,
              24.45924995072735
            ],
            [
              72.96016978202206,
              24.403269950795835
            ],
            [
              73.06189980300795,
              24.34055995551868
            ],
            [
              72.94819978939842,
              24.19142994995604
            ],
            [
              72.97018979640107,
              24.13012995085784
            ],
            [
              73.10086982399308,
              23.99288995699654
            ],
            [
              73.23590984159117,
              24.073979962575866
            ],
            [
              73.48931988345427,
              23.764619971066228
            ],
            [
              73.61651990188885,
              23.566379974806743
            ],
            [
              73.69294990750421,
              23.597329976721834
            ],
            [
              73.75725991736213,
              23.402009977986502
            ],
            [
              73.93078993150577,
              23.35716998218034
            ],
            [
              74.0756799417977,
              23.30796998442028
            ],
            [
              74.18155994863957,
              23.232309986566936
            ],
            [
              74.218489952478,
              23.116179986744775
            ],
            [
              74.34312995822913,
              23.117989988359543
            ],
            [
              74.39708996238127,
              22.999219989259192
            ],
            [
              74.41944996402033,
              22.898599989840083
            ],
            [
              74.555469969734,
              22.81838999142944
            ],
            [
              74.54555996960931,
              22.775689990764032
            ],
            [
              74.43494996820073,
              22.594489989567965
            ],
            [
              74.18236996104613,
              22.47170998642561
            ],
            [
              74.13633995820025,
              22.51295998603269
            ],
            [
              74.17299996134385,
              22.411539986139108
            ],
            [
              74.24117996395753,
              22.425399987274332
            ],
            [
              74.32057996702277,
              22.368489988516643
            ],
            [
              74.24512996616383,
              22.298109987074014
            ],
            [
              74.13714996215772,
              22.300879985791802
            ],
            [
              74.21318996807466,
              22.111089986616435
            ],
            [
              74.20772997008655,
              21.93557998643647
            ],
            [
              74.0749699682384,
              21.82400998458308
            ],
            [
              73.97718996428308,
              21.843489982566954
            ],
            [
              73.87620996160824,
              21.79750998053142
            ],
            [
              73.95328996692203,
              21.66264998254356
            ],
            [
              73.85409996521072,
              21.61379997996926
            ],
            [
              73.9198299702067,
              21.480909981146336
            ],
            [
              73.99798997212534,
              21.489799982848538
            ],
            [
              74.2185399764934,
              21.536429986523036
            ],
            [
              74.40252998092278,
              21.52011998924362
            ],
            [
              74.4093799815989,
              21.478679989234212
            ],
            [
              74.00057997491908,
              21.359179983310703
            ],
            [
              73.95965997589195,
              21.26869998245322
            ],
            [
              73.78586997390562,
              21.156179978854365
            ],
            [
              73.7812799748977,
              21.091499978748303
            ],
            [
              73.94144998143494,
              20.967009981735384
            ],
            [
              73.96227998436147,
              20.838699982266327
            ],
            [
              73.98496998723688,
              20.74471998285602
            ],
            [
              73.86094998631093,
              20.70334997999904
            ],
            [
              73.83678998823429,
              20.595109979674387
            ],
            [
              73.76545998797641,
              20.574589978460477
            ],
            [
              73.68365998729843,
              20.57321997611888
            ],
            [
              73.51964998012228,
              20.728989971606115
            ],
            [
              73.44488998066194,
              20.66374996926834
            ],
            [
              73.53069998790512,
              20.489079971494863
            ],
            [
              73.43783998932423,
              20.40843996934313
            ],
            [
              73.48009999662382,
              20.208329970806297
            ],
            [
              73.26657999817256,
              20.150939963395963
            ],
            [
              73.23077000167078,
              20.07837996186442
            ],
            [
              73.06358000169543,
              20.07785995478785
            ],
            [
              72.98789999874427,
              20.130239951013717
            ],
            [
              72.99247999375687,
              20.22040995148149
            ],
            [
              72.93983998988958,
              20.28647994846716
            ],
            [
              72.86859998767461,
              20.322249944682316
            ],
            [
              72.98589998707976,
              20.34640995143117
            ],
            [
              72.96515998078368,
              20.455229949752237
            ],
            [
              72.97994997288956,
              20.616199950424836
            ],
            [
              72.80450993952014,
              21.08353994122488
            ],
            [
              72.75541993813891,
              21.06508993821642
            ],
            [
              72.70731992192353,
              21.26939993568671
            ],
            [
              72.77556991480161,
              21.4551899394393
            ],
            [
              72.81936991361759,
              21.535589942444087
            ],
            [
              72.93655991895099,
              21.5824199486196
            ],
            [
              72.9439499175395,
              21.63464994888047
            ],
            [
              72.6548498936431,
              21.633549932344945
            ],
            [
              72.70871988374344,
              21.87145993605078
            ],
            [
              72.65512987926941,
              21.85854993235725
            ],
            [
              72.6180998715991,
              21.906269929462116
            ],
            [
              72.60814985694019,
              22.10003992912846
            ],
            [
              72.67132986079011,
              22.16122993348092
            ],
            [
              72.63851985596536,
              22.177709931595256
            ],
            [
              72.54149984539524,
              22.152449924714833
            ],
            [
              72.49014983028593,
              22.262979921272233
            ],
            [
              72.4494681629174,
              22.103591084259325
            ],
            [
              72.15436745129387,
              22.01778080261857
            ],
            [
              71.87052138169034,
              22.08498901296969
            ],
            [
              71.6609607895661,
              22.17959234566615
            ],
            [
              71.67129131769241,
              22.405121552255277
            ],
            [
              71.88696813962923,
              22.417534723717086
            ],
            [
              71.95229231513036,
              22.587076734065054
            ],
            [
              72.06621966925607,
              22.40393446226685
            ],
            [
              72.16025788684723,
              22.527650344211995
            ],
            [
              72.0366395237859,
              22.662932874093983
            ],
            [
              72.09639605146532,
              22.725539608138003
            ],
            [
              71.99402275753508,
              22.921163429502283
            ],
            [
              72.08973149071127,
              23.02140634256756
            ],
            [
              71.89207151340682,
              23.104827584802777
            ],
            [
              72.02447851360252,
              23.230966140893706
            ],
            [
              71.85848868191542,
              23.22131980212608
            ],
            [
              71.89822227600305,
              23.38949297251058
            ],
            [
              71.99888980805466,
              23.41906815989918
            ],
            [
              71.97719911566931,
              23.5481394839849
            ],
            [
              71.79268749045079,
              23.430637498769563
            ],
            [
              71.42898899393944,
              23.49142657837787
            ],
            [
              71.4032532087149,
              23.667361621329583
            ],
            [
              71.30181946281232,
              23.64915273708713
            ],
            [
              71.18055314253046,
              23.724259148838776
            ],
            [
              70.98145801485667,
              23.640409787021746
            ],
            [
              71.1397157182474,
              23.922744387664743
            ],
            [
              71.31994262885449,
              23.922481665862165
            ],
            [
              71.32209180124879,
              24.064635911845794
            ],
            [
              71.23340476399538,
              24.21277714798614
            ],
            [
              71.4290901852128,
              24.355541178943433
            ],
            [
              71.36863461333063,
              24.4700483268859
            ],
            [
              71.26295127317886,
              24.498715435829947
            ],
            [
              71.28419994047155,
              24.685853567216107
            ],
            [
              71.29082913947883,
              24.687339779442922
            ],
            [
              71.40230920310856,
              24.704399798881294
            ],
            [
              71.71535937578533,
              24.637159845267885
            ],
            [
              71.74325938440678,
              24.676699849230616
            ],
            [
              71.91519945953058,
              24.683549870077304
            ]
          ]
        ]
      }
    },
    {
      "id": "26",
      "type": "Feature",
      "properties": {
        "OBJECTID_1": 28,
        "region_cod": "NORTH WEST INDIA",
        "subdivisio": "WEST UTTAR PRADESH",
        "STATE": "UTTAR PRADESH",
        "Area": 101569.630654,
        "sanket_x_id": "IMD-27",
        "imd_source_id": "11",
        "sanket_x_subdivision": "WEST UTTAR PRADESH"
      },
      "geometry": {
        "type": "Polygon",
        "coordinates": [
          [
            [
              80.4031108866842,
              28.604933331085277
            ],
            [
              80.44745945107573,
              28.476631353418316
            ],
            [
              80.30970990435502,
              28.46167260947801
            ],
            [
              80.39961698034445,
              28.33313273931103
            ],
            [
              80.28725457468502,
              28.18213008751755
            ],
            [
              80.23944776146843,
              28.081563687855795
            ],
            [
              80.05484103706897,
              27.94428385916055
            ],
            [
              80.07268424235455,
              27.743783493847104
            ],
            [
              79.83991819079665,
              27.670378224269715
            ],
            [
              79.7590454289314,
              27.70550149898795
            ],
            [
              79.71167495769492,
              27.626256624681332
            ],
            [
              79.7535917780819,
              27.47617630608576
            ],
            [
              79.65711695096907,
              27.482443934836137
            ],
            [
              79.62311083274275,
              27.63257036556109
            ],
            [
              79.50285225922669,
              27.60266652572648
            ],
            [
              79.24373307765175,
              27.714250866043045
            ],
            [
              79.1476440887104,
              27.684343657152805
            ],
            [
              79.2387824501094,
              27.520763060741384
            ],
            [
              79.27270593024221,
              27.406562989353983
            ],
            [
              79.30677063864917,
              27.278023611229028
            ],
            [
              79.43793705782554,
              27.071773080834635
            ],
            [
              79.34369731133181,
              26.948894920855558
            ],
            [
              79.54464541966729,
              26.865129554510478
            ],
            [
              79.63217271410052,
              26.894665166027092
            ],
            [
              79.77716354550273,
              26.788510174921175
            ],
            [
              79.67396181748802,
              26.73742263854449
            ],
            [
              79.71466524599917,
              26.666140591617328
            ],
            [
              79.63636331867916,
              26.543594768301976
            ],
            [
              79.51916844248238,
              26.363286265248913
            ],
            [
              79.56017609436142,
              26.26338366908402
            ],
            [
              79.74388132303896,
              26.17911409864732
            ],
            [
              79.86383994725615,
              26.094113615252056
            ],
            [
              79.96663360035524,
              26.13788644935595
            ],
            [
              79.96726328654628,
              26.066224498810225
            ],
            [
              80.0942735674865,
              26.05991041716806
            ],
            [
              80.09482358524383,
              25.988244980687735
            ],
            [
              80.21415031811352,
              25.931605702421766
            ],
            [
              80.30133761372362,
              25.932052347479463
            ],
            [
              80.3649781201962,
              25.88934155887149
            ],
            [
              80.24649160300777,
              25.831436741506177
            ],
            [
              80.3501869903975,
              25.69575671514257
            ],
            [
              80.27173466917586,
              25.587874228682043
            ],
            [
              80.14634853616009,
              25.43667993152318
            ],
            [
              80.10328115767726,
              25.282554576821145
            ],
            [
              80.09090000012212,
              25.278630000434667
            ],
            [
              79.93400000039298,
              25.169269999747765
            ],
            [
              79.81930999968736,
              25.149129999638202
            ],
            [
              79.82358999974024,
              25.033540000373097
            ],
            [
              79.56038999969891,
              25.074969999699206
            ],
            [
              79.35345999972587,
              24.98944000047334
            ],
            [
              79.44885999956125,
              25.190939999917955
            ],
            [
              79.28344000032392,
              25.25728999987852
            ],
            [
              79.24816999962775,
              25.264319999931136
            ],
            [
              79.2367399996405,
              25.1887200004079
            ],
            [
              79.27011999975551,
              25.045350000162212
            ],
            [
              79.12468999983986,
              25.04508000013642
            ],
            [
              78.99568000026774,
              25.113680000276556
            ],
            [
              79.02747000025147,
              25.163529999866746
            ],
            [
              78.95915000027391,
              25.186949999850405
            ],
            [
              78.85123999983381,
              25.11415999979157
            ],
            [
              78.88286999979447,
              25.24261000041175
            ],
            [
              78.83316000031468,
              25.261069999705743
            ],
            [
              78.7636299996319,
              25.179360000128018
            ],
            [
              78.73796000021967,
              25.208940000341293
            ],
            [
              78.8609999999766,
              25.330840000373716
            ],
            [
              78.91708999983217,
              25.322729999860503
            ],
            [
              78.90853000047082,
              25.47987999982438
            ],
            [
              78.8619499995394,
              25.503979999996893
            ],
            [
              78.81702000010455,
              25.398449999969987
            ],
            [
              78.71324999947159,
              25.329369999709304
            ],
            [
              78.57017000026546,
              25.379799999921275
            ],
            [
              78.3990899995346,
              25.217410000262603
            ],
            [
              78.53450999992276,
              25.134940000161475
            ],
            [
              78.59036999956332,
              24.899590000068528
            ],
            [
              78.74519999989967,
              24.820550000057434
            ],
            [
              78.70083000013017,
              24.547939999848246
            ],
            [
              78.86004999983535,
              24.520859999672233
            ],
            [
              78.89627999997735,
              24.43040000031343
            ],
            [
              78.86379000044217,
              24.395619999702536
            ],
            [
              78.9618100000336,
              24.36998000006426
            ],
            [
              78.97917999978229,
              24.351780000306103
            ],
            [
              78.92793999991586,
              24.305810000489522
            ],
            [
              78.83555000001903,
              24.185240000251905
            ],
            [
              78.8566400004315,
              24.13093999982827
            ],
            [
              78.74136000040153,
              24.077909999642817
            ],
            [
              78.49540999992433,
              24.292599999917513
            ],
            [
              78.33446999998046,
              24.217910000461575
            ],
            [
              78.19017999988797,
              24.4143499998236
            ],
            [
              78.14827999959145,
              24.48765000022845
            ],
            [
              78.25182999970046,
              24.616879999925963
            ],
            [
              78.1100800002948,
              24.78936000036311
            ],
            [
              78.13546999980392,
              24.85743000020255
            ],
            [
              78.31039999953629,
              24.931119999812942
            ],
            [
              78.29522999950431,
              24.97953000021086
            ],
            [
              78.38847000027653,
              25.073570000526235
            ],
            [
              78.25000999976439,
              25.29607999972095
            ],
            [
              78.3974299997753,
              25.498459999777648
            ],
            [
              78.44550000033328,
              25.51607000018303
            ],
            [
              78.54123000009912,
              25.50775000048373
            ],
            [
              78.62335000035348,
              25.492890000459752
            ],
            [
              78.7723800001868,
              25.598449999893916
            ],
            [
              78.75474999953924,
              25.701670000231754
            ],
            [
              78.84453000042295,
              25.71124000041594
            ],
            [
              78.85319000031815,
              25.830249999913267
            ],
            [
              78.89385000010607,
              25.827970000409998
            ],
            [
              78.91295999964323,
              25.85518999993792
            ],
            [
              78.98523999969657,
              25.964069999958543
            ],
            [
              78.92819000003547,
              25.9958099998246
            ],
            [
              78.93227000015659,
              26.074159999686156
            ],
            [
              79.01524999965746,
              26.19417999977266
            ],
            [
              79.08453000015439,
              26.216119999950326
            ],
            [
              79.08830000046214,
              26.346320000425333
            ],
            [
              78.99204000000064,
              26.517120000041555
            ],
            [
              78.81718999984324,
              26.670760000167434
            ],
            [
              78.61701999942893,
              26.71761000038319
            ],
            [
              78.51880999992756,
              26.704610000487182
            ],
            [
              78.41936999974135,
              26.776660000067576
            ],
            [
              78.31436000025182,
              26.76328000039426
            ],
            [
              78.02290000002004,
              26.62656000052881
            ],
            [
              78.07911999950579,
              26.721440000428
            ],
            [
              78.23408999979836,
              26.82317999982235
            ],
            [
              78.19997999953335,
              26.889350000201773
            ],
            [
              78.0823999996366,
              26.88535999974313
            ],
            [
              78.00088000001396,
              26.78125000032046
            ],
            [
              77.79770999992789,
              26.841629999978696
            ],
            [
              77.46692999859502,
              26.77223000031344
            ],
            [
              77.44246999911611,
              26.679949999955166
            ],
            [
              77.39956999924141,
              26.70456999985603
            ],
            [
              77.4366999985805,
              26.826019999973656
            ],
            [
              77.71009999902057,
              26.94561999969079
            ],
            [
              77.47622999881621,
              27.017090000456836
            ],
            [
              77.56672999929505,
              27.058220000411307
            ],
            [
              77.64510999922004,
              27.19157999993867
            ],
            [
              77.58932999870346,
              27.17955999977059
            ],
            [
              77.39757999888172,
              27.373950000409426
            ],
            [
              77.26168999802653,
              27.743619999781917
            ],
            [
              77.28391999835803,
              27.775510000381
            ],
            [
              77.29774999875602,
              27.817729999654425
            ],
            [
              77.44029999894639,
              27.845529999740744
            ],
            [
              77.46788999885051,
              27.886749999682902
            ],
            [
              77.40708999879097,
              28.01269000046371
            ],
            [
              77.44317999855832,
              28.062310000370076
            ],
            [
              77.4949099984429,
              28.321900000477807
            ],
            [
              77.31747999789205,
              28.44700999988798
            ],
            [
              77.3022199981662,
              28.612930000091904
            ],
            [
              77.16149999808145,
              28.829249999910225
            ],
            [
              77.10663999727569,
              29.031300000381904
            ],
            [
              77.0908699968633,
              29.138790000102382
            ],
            [
              77.09094999733169,
              29.191100000312435
            ],
            [
              77.13994999741944,
              29.22652000044321
            ],
            [
              77.13266999701473,
              29.320840000332534
            ],
            [
              77.01644999678011,
              29.48811000048229
            ],
            [
              77.06491999673587,
              29.582200000231875
            ],
            [
              77.13003999792515,
              29.63527000031803
            ],
            [
              77.15587999791155,
              29.762000000056386
            ],
            [
              77.15404999782778,
              29.916650000144003
            ],
            [
              77.2011199981802,
              29.94822999983928
            ],
            [
              77.2461199982506,
              30.00307000058491
            ],
            [
              77.44842999876441,
              30.091930000617037
            ],
            [
              77.60454999930276,
              30.32674999981681
            ],
            [
              77.58862999865558,
              30.357479999954784
            ],
            [
              77.60223125986973,
              30.364262276069834
            ],
            [
              77.94796674669674,
              30.213086983703857
            ],
            [
              77.82863945153426,
              30.07902800539128
            ],
            [
              77.72350926534827,
              29.939263335870184
            ],
            [
              77.76465176256954,
              29.725550441957157
            ],
            [
              77.84827519544461,
              29.67388427384842
            ],
            [
              77.9567728992261,
              29.70028418376552
            ],
            [
              77.97364349506711,
              29.593292897046926
            ],
            [
              78.14899081003813,
              29.668769523172916
            ],
            [
              78.30983353957225,
              29.78549405042929
            ],
            [
              78.52323939672827,
              29.72999882420882
            ],
            [
              78.5607202715144,
              29.593455548543155
            ],
            [
              78.74095459047909,
              29.47133080404988
            ],
            [
              78.96007453410633,
              29.42712807478626
            ],
            [
              78.79883604192545,
              29.31714197546481
            ],
            [
              78.71061446641714,
              29.303722612215463
            ],
            [
              78.87630635286024,
              29.193070759012937
            ],
            [
              78.95252063120994,
              29.122640755750414
            ],
            [
              79.05399774660202,
              29.148026146644224
            ],
            [
              79.14958597911465,
              29.12550655386637
            ],
            [
              79.16518744118554,
              29.012317173149775
            ],
            [
              79.35603252736044,
              28.96703591993789
            ],
            [
              79.4525493613875,
              28.86670433881448
            ],
            [
              79.57410449407844,
              28.903861572549054
            ],
            [
              79.61583028215699,
              28.826693399216293
            ],
            [
              79.82541979434804,
              28.87643905455026
            ],
            [
              79.86611029441322,
              28.87678753521295
            ],
            [
              79.83300117147537,
              28.80486744983523
            ],
            [
              79.96224186554663,
              28.75816306926363
            ],
            [
              80.05306493570103,
              28.79900931940964
            ],
            [
              80.052140000139,
              28.79262999988626
            ],
            [
              80.30691000023276,
              28.690479999783168
            ],
            [
              80.27862999987244,
              28.655350000230044
            ],
            [
              80.4031108866842,
              28.604933331085277
            ]
          ]
        ]
      }
    },
    {
      "id": "27",
      "type": "Feature",
      "properties": {
        "OBJECTID_1": 29,
        "region_cod": "SOUTH PENINSULA",
        "subdivisio": "TELANGANA",
        "STATE": "TELANGANA",
        "Area": 112399.610713,
        "sanket_x_id": "IMD-28",
        "imd_source_id": "29",
        "sanket_x_subdivision": "TELANGANA"
      },
      "geometry": {
        "type": "Polygon",
        "coordinates": [
          [
            [
              81.8065827971181,
              17.906234874413475
            ],
            [
              81.7943836137697,
              17.871689032431142
            ],
            [
              81.71908096172912,
              17.776326621970398
            ],
            [
              81.58786399772082,
              17.722957076295007
            ],
            [
              81.53760226801758,
              17.60352739476744
            ],
            [
              81.51232923588711,
              17.484019023843977
            ],
            [
              81.3812461572611,
              17.36473502454537
            ],
            [
              81.3190457567685,
              17.400717929543102
            ],
            [
              81.25043754104358,
              17.323088366307474
            ],
            [
              81.17573846266569,
              17.323167821014156
            ],
            [
              81.1818753656995,
              17.23347572956593
            ],
            [
              80.99521830985614,
              17.179745281993902
            ],
            [
              80.92677539956271,
              17.233544592789695
            ],
            [
              80.939242717652,
              17.16179861218868
            ],
            [
              80.88326672910019,
              17.16177401788717
            ],
            [
              80.83362190962784,
              17.036175652676878
            ],
            [
              80.70925958206341,
              17.071911036120156
            ],
            [
              80.67202329271365,
              17.03597916483168
            ],
            [
              80.65945171867189,
              17.113687637662284
            ],
            [
              80.55988229323188,
              17.14937012658916
            ],
            [
              80.51656579125901,
              17.065564364511683
            ],
            [
              80.46692163681764,
              17.03554479657221
            ],
            [
              80.39840277762053,
              17.08318547290965
            ],
            [
              80.40494089566046,
              16.981561612043592
            ],
            [
              80.49833084567747,
              16.91006318464568
            ],
            [
              80.50438530986831,
              16.969869390281506
            ],
            [
              80.59768233809982,
              16.92224109723215
            ],
            [
              80.57298436039594,
              16.856419564679662
            ],
            [
              80.60419236080804,
              16.778751449494916
            ],
            [
              80.51107545606419,
              16.78453075674596
            ],
            [
              80.39303106486427,
              16.820091495866837
            ],
            [
              80.35568236627321,
              16.849873211734085
            ],
            [
              80.30550782119869,
              16.987226052789996
            ],
            [
              80.20591955577656,
              17.028714030975944
            ],
            [
              80.11289954575754,
              16.9864786575793
            ],
            [
              79.99539404780356,
              16.884297657851434
            ],
            [
              80.07663946894355,
              16.777062529941166
            ],
            [
              79.92853058077404,
              16.626880727430535
            ],
            [
              79.87854048073986,
              16.69238062631852
            ],
            [
              79.7914745510249,
              16.72776057666795
            ],
            [
              79.63051897747835,
              16.6789318562867
            ],
            [
              79.4202997956472,
              16.599726183831784
            ],
            [
              79.23472617890828,
              16.556393535128556
            ],
            [
              79.21125691198623,
              16.41274220338746
            ],
            [
              79.20067575966758,
              16.215404478933216
            ],
            [
              79.06429819578935,
              16.24408896804922
            ],
            [
              78.92870399198301,
              16.194995796630057
            ],
            [
              78.91752298762559,
              16.081334361573443
            ],
            [
              78.83639764972841,
              16.152243010174438
            ],
            [
              78.83756287190631,
              16.044683508070737
            ],
            [
              78.72667859605905,
              16.013656570156158
            ],
            [
              78.63309585182178,
              16.090326300836946
            ],
            [
              78.57202389883643,
              16.029888594373027
            ],
            [
              78.42925495948744,
              16.081996767076895
            ],
            [
              78.26935529235999,
              16.02624773992573
            ],
            [
              78.25188860086048,
              15.948362564139616
            ],
            [
              78.12394819454673,
              15.827222285592986
            ],
            [
              78.03653488623628,
              15.897722301754388
            ],
            [
              77.93181599301242,
              15.884314646644508
            ],
            [
              77.65381551518055,
              15.90407356137899
            ],
            [
              77.49083353346113,
              15.907115648650628
            ],
            [
              77.51286000094711,
              16.306230000211837
            ],
            [
              77.29919000091586,
              16.365320000343313
            ],
            [
              77.30378000133001,
              16.457369999962967
            ],
            [
              77.40177000102858,
              16.48630999975353
            ],
            [
              77.47093000049566,
              16.589249999887333
            ],
            [
              77.43921000093883,
              16.7376100002464
            ],
            [
              77.48714000044771,
              17.09124000023863
            ],
            [
              77.38721000050764,
              17.191500000231226
            ],
            [
              77.57446000063837,
              17.405269999561664
            ],
            [
              77.70739000045226,
              17.478980000328068
            ],
            [
              77.51316000046681,
              17.50874000023286
            ],
            [
              77.45710000070896,
              17.57415000004441
            ],
            [
              77.52856000082514,
              17.76627999971318
            ],
            [
              77.67426000028061,
              17.936760000084547
            ],
            [
              77.64464000021574,
              17.9782999999051
            ],
            [
              77.57987000079926,
              17.947030000255097
            ],
            [
              77.55212000042305,
              17.99414999959457
            ],
            [
              77.60861000004395,
              18.069010000363797
            ],
            [
              77.58765999993865,
              18.199809999827274
            ],
            [
              77.62504000042381,
              18.251249999963836
            ],
            [
              77.583979999868,
              18.265729999507517
            ],
            [
              77.56930000006034,
              18.273019999824644
            ],
            [
              77.53383000042194,
              18.391580000379395
            ],
            [
              77.58423999987333,
              18.413429999994378
            ],
            [
              77.57661000074542,
              18.483030000070375
            ],
            [
              77.79901000048596,
              18.558410000367584
            ],
            [
              77.77457000050146,
              18.657579999883275
            ],
            [
              77.8610900005265,
              18.784610000251437
            ],
            [
              77.87365000044451,
              18.89522999984939
            ],
            [
              77.77727999984242,
              18.95664000021821
            ],
            [
              77.87572000028376,
              19.079099999885337
            ],
            [
              77.87978000014814,
              19.260179999644205
            ],
            [
              77.98512000050323,
              19.298130000057586
            ],
            [
              78.08712000005423,
              19.166110000075047
            ],
            [
              78.21384000048516,
              19.2198800003963
            ],
            [
              78.2166400001826,
              19.356370000231404
            ],
            [
              78.31215000048381,
              19.41450999980109
            ],
            [
              78.33576999994128,
              19.529750000042434
            ],
            [
              78.3123599998892,
              19.64283999976324
            ],
            [
              78.37336000003496,
              19.749909999873584
            ],
            [
              78.32866999984786,
              19.8201800003376
            ],
            [
              78.33611999965198,
              19.87310999981141
            ],
            [
              78.4855399998832,
              19.702259999692114
            ],
            [
              78.74236000042268,
              19.740520000353044
            ],
            [
              78.80142000027946,
              19.70176000045044
            ],
            [
              78.80961999996157,
              19.63219000010948
            ],
            [
              78.95823000014045,
              19.503650000072327
            ],
            [
              79.22992999966196,
              19.410479999679787
            ],
            [
              79.2844200002595,
              19.557200000072342
            ],
            [
              79.50017999973288,
              19.465470000149526
            ],
            [
              79.81469000010006,
              19.51632000033853
            ],
            [
              79.84502000037249,
              19.437380000375306
            ],
            [
              80.00455000034115,
              19.340540000001866
            ],
            [
              80.01916000039989,
              19.288519999861524
            ],
            [
              79.88586999988942,
              19.080840000261418
            ],
            [
              79.87898999981172,
              19.03441999972708
            ],
            [
              79.98344999965903,
              18.937650000462025
            ],
            [
              79.92270000035793,
              18.759479999705736
            ],
            [
              80.09534000032535,
              18.699640000236563
            ],
            [
              80.25240000027692,
              18.68893999969132
            ],
            [
              80.33496000002847,
              18.57718000041016
            ],
            [
              80.41588999954814,
              18.575919999848125
            ],
            [
              80.60778000003451,
              18.53414000016911
            ],
            [
              80.74220000038915,
              18.332750000241255
            ],
            [
              80.78582999966045,
              18.126259999964077
            ],
            [
              80.87659999991527,
              18.178639999775715
            ],
            [
              80.8743100002724,
              18.12011999972503
            ],
            [
              80.98231999985684,
              18.126820000319064
            ],
            [
              81.02071999998036,
              17.770710000401607
            ],
            [
              81.06328999995962,
              17.74994999987596
            ],
            [
              81.19294999992927,
              17.819549999885545
            ],
            [
              81.40329999974206,
              17.776850000446018
            ],
            [
              81.63305999995626,
              17.838729999842197
            ],
            [
              81.80182999965601,
              17.904749999736126
            ],
            [
              81.8065827971181,
              17.906234874413475
            ]
          ]
        ]
      }
    },
    {
      "id": "28",
      "type": "Feature",
      "properties": {
        "OBJECTID_1": 30,
        "region_cod": "SOUTH PENINSULA",
        "subdivisio": "RAYALASEEMA",
        "STATE": "ANDHRA PRADESH",
        "Area": 68728.3103645,
        "sanket_x_id": "IMD-29",
        "imd_source_id": "30",
        "sanket_x_subdivision": "RAYALASEEMA"
      },
      "geometry": {
        "type": "Polygon",
        "coordinates": [
          [
            [
              78.915270274753,
              16.08330456176927
            ],
            [
              78.92469353894181,
              15.985780022074179
            ],
            [
              78.82739366438663,
              15.84138898504249
            ],
            [
              78.74517028215463,
              15.228593388869223
            ],
            [
              78.93265218594696,
              15.192145574668242
            ],
            [
              79.06083937133957,
              15.17415918080154
            ],
            [
              79.11259798647527,
              14.887675628970822
            ],
            [
              79.20345992883372,
              14.601463473595484
            ],
            [
              79.32240424825224,
              14.45886756733
            ],
            [
              79.44185097424904,
              14.220536688101658
            ],
            [
              79.43419431841309,
              13.904800604658654
            ],
            [
              79.57129450997822,
              13.905641859560147
            ],
            [
              79.64046009964524,
              13.800798055496873
            ],
            [
              79.71830246588429,
              13.88732350706671
            ],
            [
              79.74829550577022,
              13.772668257122113
            ],
            [
              79.95432495177957,
              13.66837872388214
            ],
            [
              80.0474809978356,
              13.48797131836492
            ],
            [
              80.04278999990439,
              13.489619999590898
            ],
            [
              80.05122999988562,
              13.425580000218176
            ],
            [
              79.96001000030662,
              13.309839999585716
            ],
            [
              79.82342999977725,
              13.25907000030123
            ],
            [
              79.79971000019356,
              13.207159999565961
            ],
            [
              79.44130999981304,
              13.30470999969442
            ],
            [
              79.41406000019097,
              13.155359999951267
            ],
            [
              79.31194000012047,
              13.061599999669545
            ],
            [
              79.29787000045464,
              13.004089999660431
            ],
            [
              79.23542999989266,
              12.986389999832035
            ],
            [
              78.7294499997219,
              13.073090000160265
            ],
            [
              78.6143100002712,
              13.003039999929726
            ],
            [
              78.5560599997612,
              12.776530000251844
            ],
            [
              78.40603999998805,
              12.59126999974295
            ],
            [
              78.29313000026957,
              12.656410000262706
            ],
            [
              78.21900000035906,
              12.708769999776461
            ],
            [
              78.29823000026161,
              12.8576100002155
            ],
            [
              78.38496000023491,
              12.902630000010674
            ],
            [
              78.46095000010298,
              12.85948000028566
            ],
            [
              78.41984000041465,
              12.921379999577548
            ],
            [
              78.58077999971472,
              13.226389999691419
            ],
            [
              78.3765800000497,
              13.283749999695976
            ],
            [
              78.3786800003922,
              13.523119999854877
            ],
            [
              78.09027999992065,
              13.610319999951738
            ],
            [
              78.11967999991589,
              13.727450000220255
            ],
            [
              78.07321000040405,
              13.825489999660212
            ],
            [
              77.90980000044465,
              13.812170000191795
            ],
            [
              77.93835000084562,
              13.908920000389914
            ],
            [
              77.78725000097904,
              13.894669999613393
            ],
            [
              77.79390000093744,
              13.80190999955164
            ],
            [
              77.696860000947,
              13.718449999588577
            ],
            [
              77.48540000097245,
              13.678350000155621
            ],
            [
              77.4340100015865,
              13.686159999920669
            ],
            [
              77.39642000146469,
              13.807340000272559
            ],
            [
              77.24133000149878,
              13.815829999735453
            ],
            [
              77.1740600019157,
              13.86795999964286
            ],
            [
              77.1285300027041,
              13.859059999590452
            ],
            [
              77.14159000202787,
              13.737629999704527
            ],
            [
              76.97667000283637,
              13.705899999425448
            ],
            [
              77.0053700031664,
              13.891890000119977
            ],
            [
              76.91802000276864,
              14.074559999443672
            ],
            [
              76.90580000318315,
              14.128249999646078
            ],
            [
              76.99987000277797,
              14.143390000261594
            ],
            [
              77.03996000233072,
              14.002779999437003
            ],
            [
              77.27343000184464,
              13.980490000015216
            ],
            [
              77.35186000106975,
              13.872760000188698
            ],
            [
              77.42950000160565,
              13.901439999970057
            ],
            [
              77.3376500014959,
              14.020190000029691
            ],
            [
              77.35766000155435,
              14.09468000034471
            ],
            [
              77.50436000125326,
              14.171410000367967
            ],
            [
              77.42607000122425,
              14.264380000020783
            ],
            [
              77.37633000146286,
              14.279629999974272
            ],
            [
              77.36057000124993,
              14.167119999769872
            ],
            [
              77.12897000240676,
              14.314889999922666
            ],
            [
              77.09714000272056,
              14.20400999946188
            ],
            [
              76.98559000278388,
              14.20912000024368
            ],
            [
              76.8669700032844,
              14.303219999340671
            ],
            [
              76.9602700026704,
              14.442789999737643
            ],
            [
              76.77603000344543,
              14.511849999804177
            ],
            [
              76.75598000362939,
              14.573789999431385
            ],
            [
              76.78108000306433,
              14.740389999610288
            ],
            [
              76.86822000287984,
              14.85487999989789
            ],
            [
              76.83736000337774,
              14.934349999905928
            ],
            [
              76.7683300038068,
              14.945489999624233
            ],
            [
              76.81864000344537,
              15.032569999635871
            ],
            [
              77.09988000186857,
              14.971139999826082
            ],
            [
              77.16013000166627,
              15.113989999713377
            ],
            [
              76.97196000256018,
              15.479589999780982
            ],
            [
              77.02396000180369,
              15.465369999929715
            ],
            [
              77.02182000204519,
              15.614940000120829
            ],
            [
              77.08576000145774,
              15.641739999485313
            ],
            [
              77.04855000213992,
              15.82805999987306
            ],
            [
              77.19420000102613,
              15.931089999740175
            ],
            [
              77.48987000066474,
              15.889689999853399
            ],
            [
              77.49083353346113,
              15.907115648650628
            ],
            [
              77.65381551518055,
              15.90407356137899
            ],
            [
              77.93181599301242,
              15.884314646644508
            ],
            [
              78.03653488623628,
              15.897722301754388
            ],
            [
              78.12394819454673,
              15.827222285592986
            ],
            [
              78.25188860086048,
              15.948362564139616
            ],
            [
              78.26935529235999,
              16.02624773992573
            ],
            [
              78.42925495948744,
              16.081996767076895
            ],
            [
              78.57202389883643,
              16.029888594373027
            ],
            [
              78.63309585182178,
              16.090326300836946
            ],
            [
              78.72667859605905,
              16.013656570156158
            ],
            [
              78.83756287190631,
              16.044683508070737
            ],
            [
              78.83639764972841,
              16.152243010174438
            ],
            [
              78.915270274753,
              16.08330456176927
            ]
          ]
        ]
      }
    },
    {
      "id": "29",
      "type": "Feature",
      "properties": {
        "OBJECTID_1": 31,
        "region_cod": "CENTRAL INDIA",
        "subdivisio": "CHHATTISGARH",
        "STATE": "CHHATTISGARH",
        "Area": 133362.401876,
        "sanket_x_id": "IMD-30",
        "imd_source_id": "27",
        "sanket_x_subdivision": "CHHATTISGARH"
      },
      "geometry": {
        "type": "Polygon",
        "coordinates": [
          [
            [
              82.7780656666122,
              23.88541431302333
            ],
            [
              82.77501000026224,
              23.842479999972607
            ],
            [
              82.98993000036143,
              23.747879999848877
            ],
            [
              83.18271000034922,
              23.79954999966889
            ],
            [
              83.2623100003576,
              23.90695000025283
            ],
            [
              83.47468999968646,
              23.897959999846993
            ],
            [
              83.60889999967479,
              23.8205000002403
            ],
            [
              83.68378000016828,
              23.607159999784106
            ],
            [
              83.77908000008026,
              23.486830000053786
            ],
            [
              83.88571000005909,
              23.463910000185347
            ],
            [
              83.9289700003566,
              23.53712000038001
            ],
            [
              84.00484000050761,
              23.53450999992828
            ],
            [
              83.95356000049354,
              23.28469999979205
            ],
            [
              84.0546000002456,
              23.25432999994257
            ],
            [
              84.03648000012153,
              23.164440000056338
            ],
            [
              84.01286000018352,
              23.097300000004026
            ],
            [
              84.11615999991878,
              22.91357000002903
            ],
            [
              84.34322000048722,
              22.880670000434193
            ],
            [
              84.35411999992549,
              22.821390000160733
            ],
            [
              84.18940000032572,
              22.584119999583436
            ],
            [
              83.98607000011593,
              22.46755999967085
            ],
            [
              83.95754000045727,
              22.445110000074823
            ],
            [
              84.03463999999579,
              22.326989999588328
            ],
            [
              83.55250000045274,
              22.0558799996371
            ],
            [
              83.52565000036209,
              21.950159999755726
            ],
            [
              83.58935999976528,
              21.82084000006719
            ],
            [
              83.56649999957358,
              21.748759999747197
            ],
            [
              83.3824100004512,
              21.667529999686334
            ],
            [
              83.43442999989368,
              21.600910000175848
            ],
            [
              83.33854999986279,
              21.479560000010967
            ],
            [
              83.37169999961235,
              21.313059999855074
            ],
            [
              83.27232999979752,
              21.31340000008193
            ],
            [
              83.14623000025001,
              21.079350000263705
            ],
            [
              82.67518999954783,
              21.107380000441932
            ],
            [
              82.63444999958932,
              21.094090000245114
            ],
            [
              82.63919999992116,
              21.01987999979095
            ],
            [
              82.48071000013516,
              20.796029999861123
            ],
            [
              82.34035000000323,
              20.780360000329587
            ],
            [
              82.4036600004398,
              20.382650000363153
            ],
            [
              82.37511000015434,
              20.039819999687875
            ],
            [
              82.46243999970807,
              19.963449999705347
            ],
            [
              82.70108000038633,
              19.895899999837347
            ],
            [
              82.6045300001865,
              19.74981000022486
            ],
            [
              82.5909600003232,
              19.824249999624904
            ],
            [
              82.3950099995279,
              19.852120000022367
            ],
            [
              82.34423999995158,
              19.802699999876868
            ],
            [
              82.2499800003507,
              19.945010000425523
            ],
            [
              81.94859000036321,
              20.042460000315113
            ],
            [
              81.87227000009176,
              19.98673999962468
            ],
            [
              81.85519999988328,
              19.870019999792017
            ],
            [
              82.01388999971157,
              19.759610000029305
            ],
            [
              82.02669999993756,
              19.525569999714946
            ],
            [
              82.16765999967676,
              19.362290000375623
            ],
            [
              82.21599000025017,
              18.876050000376875
            ],
            [
              82.0867599995321,
              18.697519999726413
            ],
            [
              81.9365700004359,
              18.621320000382962
            ],
            [
              81.9746200004005,
              18.541910000004574
            ],
            [
              81.49516999969097,
              18.150409999682513
            ],
            [
              81.47048000001453,
              17.90165999965882
            ],
            [
              81.40329999974206,
              17.776850000446018
            ],
            [
              81.19294999992927,
              17.819549999885545
            ],
            [
              81.06328999995962,
              17.74994999987596
            ],
            [
              81.02071999998036,
              17.770710000401607
            ],
            [
              80.98231999985684,
              18.126820000319064
            ],
            [
              80.8743100002724,
              18.12011999972503
            ],
            [
              80.87659999991527,
              18.178639999775715
            ],
            [
              80.78582999966045,
              18.126259999964077
            ],
            [
              80.74220000038915,
              18.332750000241255
            ],
            [
              80.60778000003451,
              18.53414000016911
            ],
            [
              80.41588999954814,
              18.575919999848125
            ],
            [
              80.33496000002847,
              18.57718000041016
            ],
            [
              80.25240000027692,
              18.68893999969132
            ],
            [
              80.37663000029922,
              18.78318999989955
            ],
            [
              80.2727400002952,
              18.97488000038396
            ],
            [
              80.29739000004875,
              19.048149999988638
            ],
            [
              80.418859999575,
              19.12008000045509
            ],
            [
              80.55682000028914,
              19.35709999976536
            ],
            [
              80.63310999971797,
              19.339999999883826
            ],
            [
              80.68636000016299,
              19.22181000024405
            ],
            [
              80.88159000014866,
              19.306960000168896
            ],
            [
              80.83495000015664,
              19.364820000004848
            ],
            [
              80.8971100001493,
              19.439599999631778
            ],
            [
              80.84255999995426,
              19.491939999622613
            ],
            [
              80.66757999984875,
              19.573719999862945
            ],
            [
              80.56051999956804,
              19.746900000428532
            ],
            [
              80.40652000002714,
              19.762460000152274
            ],
            [
              80.49998999983043,
              19.821430000463067
            ],
            [
              80.42938999992907,
              19.84309000036714
            ],
            [
              80.44238000037353,
              19.900560000223056
            ],
            [
              80.51980999961378,
              19.864950000419828
            ],
            [
              80.54554999997582,
              19.913999999716722
            ],
            [
              80.5167800001636,
              20.07834000021205
            ],
            [
              80.42053000013931,
              20.101039999691952
            ],
            [
              80.42096000026318,
              20.215139999802876
            ],
            [
              80.62087999977537,
              20.26240999958024
            ],
            [
              80.61510999994348,
              20.497059999913603
            ],
            [
              80.50808999983154,
              20.585679999646228
            ],
            [
              80.59013999961111,
              20.635340000423785
            ],
            [
              80.56809000021391,
              20.77357000015566
            ],
            [
              80.47098000036841,
              20.91677000015421
            ],
            [
              80.464700000282,
              21.076180000023086
            ],
            [
              80.69675999969796,
              21.22695000041838
            ],
            [
              80.70196999983428,
              21.27787000043212
            ],
            [
              80.62719155119153,
              21.290059704694293
            ],
            [
              80.7269435627554,
              21.464433281918602
            ],
            [
              80.74170623128269,
              21.780001710135515
            ],
            [
              80.86455437909994,
              21.78014799707708
            ],
            [
              80.91043437707577,
              22.08137199097488
            ],
            [
              81.06430607776248,
              22.05269931178989
            ],
            [
              81.14163606012636,
              22.454224659629695
            ],
            [
              81.32695420101004,
              22.525662498590567
            ],
            [
              81.41931623101043,
              22.4394007324982
            ],
            [
              81.80631519308893,
              22.667378691589672
            ],
            [
              81.85436610547676,
              22.939586912221284
            ],
            [
              81.9639610055781,
              23.11102904165782
            ],
            [
              82.14996832282439,
              23.10978308944157
            ],
            [
              82.18248039392397,
              23.28160059851998
            ],
            [
              81.96685972558095,
              23.512493412230544
            ],
            [
              81.76498145401409,
              23.55663230349775
            ],
            [
              81.6557484471755,
              23.485436138621864
            ],
            [
              81.6099716021764,
              23.672029158912945
            ],
            [
              81.70376231557665,
              23.74332448310539
            ],
            [
              81.62677659187015,
              23.9300564251346
            ],
            [
              81.82855012862056,
              23.771382416557028
            ],
            [
              81.92252866463684,
              23.84253905279405
            ],
            [
              82.29602188867702,
              23.782503639424135
            ],
            [
              82.60755547234822,
              23.779573713064522
            ],
            [
              82.7780656666122,
              23.88541431302333
            ]
          ]
        ]
      }
    },
    {
      "id": "30",
      "type": "Feature",
      "properties": {
        "OBJECTID_1": 32,
        "region_cod": "CENTRAL INDIA",
        "subdivisio": "EAST MADHYA PRADESH",
        "STATE": "MADHYA PRADESH",
        "Area": 133793.498221,
        "sanket_x_id": "IMD-31",
        "imd_source_id": "20",
        "sanket_x_subdivision": "EAST MADHYA PRADESH"
      },
      "geometry": {
        "type": "Polygon",
        "coordinates": [
          [
            [
              78.458437975516,
              21.54401220395706
            ],
            [
              78.46721443672841,
              21.77035797427503
            ],
            [
              78.51587272303195,
              21.91442514559943
            ],
            [
              78.3751185433191,
              21.91223825858201
            ],
            [
              78.36011633070734,
              22.031426576883387
            ],
            [
              78.26772219810387,
              22.173215201562602
            ],
            [
              78.26283944724253,
              22.423910862704506
            ],
            [
              78.3527247833683,
              22.42540987342951
            ],
            [
              78.53378208747898,
              22.356616311915143
            ],
            [
              78.54388723888854,
              22.512035911647587
            ],
            [
              78.51496998816944,
              22.690739268328198
            ],
            [
              78.70839599123855,
              22.669738631789738
            ],
            [
              78.64077880431839,
              22.85985620581927
            ],
            [
              78.47107531810045,
              22.976673370951318
            ],
            [
              78.79132780161899,
              23.112848885369257
            ],
            [
              78.76272694249263,
              23.279660365352374
            ],
            [
              78.61778091469591,
              23.432782977711806
            ],
            [
              78.71841924035786,
              23.601492106677206
            ],
            [
              78.51225529093539,
              23.53861480817409
            ],
            [
              78.46904771887827,
              23.764807427086566
            ],
            [
              78.38088136262478,
              23.631986350672562
            ],
            [
              78.28846588885443,
              23.713980088903785
            ],
            [
              78.24275379039855,
              24.03554679117395
            ],
            [
              78.13932714358015,
              24.009770654735735
            ],
            [
              78.07002805286422,
              24.19947417941315
            ],
            [
              78.09278868118132,
              24.34317026118485
            ],
            [
              78.20597173512337,
              24.392890317201775
            ],
            [
              78.33446999998046,
              24.217910000461575
            ],
            [
              78.49540999992433,
              24.292599999917513
            ],
            [
              78.74136000040153,
              24.077909999642817
            ],
            [
              78.8566400004315,
              24.13093999982827
            ],
            [
              78.83555000001903,
              24.185240000251905
            ],
            [
              78.92793999991586,
              24.305810000489522
            ],
            [
              78.97917999978229,
              24.351780000306103
            ],
            [
              78.9618100000336,
              24.36998000006426
            ],
            [
              78.86379000044217,
              24.395619999702536
            ],
            [
              78.89627999997735,
              24.43040000031343
            ],
            [
              78.86004999983535,
              24.520859999672233
            ],
            [
              78.70083000013017,
              24.547939999848246
            ],
            [
              78.74519999989967,
              24.820550000057434
            ],
            [
              78.59036999956332,
              24.899590000068528
            ],
            [
              78.53450999992276,
              25.134940000161475
            ],
            [
              78.3990899995346,
              25.217410000262603
            ],
            [
              78.57017000026546,
              25.379799999921275
            ],
            [
              78.71324999947159,
              25.329369999709304
            ],
            [
              78.81702000010455,
              25.398449999969987
            ],
            [
              78.8619499995394,
              25.503979999996893
            ],
            [
              78.90853000047082,
              25.47987999982438
            ],
            [
              78.91708999983217,
              25.322729999860503
            ],
            [
              78.8609999999766,
              25.330840000373716
            ],
            [
              78.73796000021967,
              25.208940000341293
            ],
            [
              78.7636299996319,
              25.179360000128018
            ],
            [
              78.83316000031468,
              25.261069999705743
            ],
            [
              78.88286999979447,
              25.24261000041175
            ],
            [
              78.85123999983381,
              25.11415999979157
            ],
            [
              78.95915000027391,
              25.186949999850405
            ],
            [
              79.02747000025147,
              25.163529999866746
            ],
            [
              78.99568000026774,
              25.113680000276556
            ],
            [
              79.12468999983986,
              25.04508000013642
            ],
            [
              79.27011999975551,
              25.045350000162212
            ],
            [
              79.2367399996405,
              25.1887200004079
            ],
            [
              79.24816999962775,
              25.264319999931136
            ],
            [
              79.28344000032392,
              25.25728999987852
            ],
            [
              79.44885999956125,
              25.190939999917955
            ],
            [
              79.35345999972587,
              24.98944000047334
            ],
            [
              79.56038999969891,
              25.074969999699206
            ],
            [
              79.82358999974024,
              25.033540000373097
            ],
            [
              79.81930999968736,
              25.149129999638202
            ],
            [
              79.93400000039298,
              25.169269999747765
            ],
            [
              80.09090000012212,
              25.278630000434667
            ],
            [
              80.25626000040046,
              25.3309400002056
            ],
            [
              80.29812000026685,
              25.183529999774688
            ],
            [
              80.41893999958181,
              25.142710000406954
            ],
            [
              80.40922999963367,
              25.07374000020471
            ],
            [
              80.32587000046149,
              25.06186000036616
            ],
            [
              80.35116999975467,
              25.027350000375044
            ],
            [
              80.25830000007444,
              24.952129999697995
            ],
            [
              80.36255999999536,
              24.921050000295025
            ],
            [
              80.42801000007678,
              24.974910000483348
            ],
            [
              80.45522000039796,
              24.883490000113696
            ],
            [
              80.53516000030625,
              24.93422000039292
            ],
            [
              80.51077999960779,
              25.01044000007832
            ],
            [
              80.56535000007082,
              24.987700000081162
            ],
            [
              80.59685000011496,
              25.052499999837654
            ],
            [
              80.72275999976829,
              24.96688000021035
            ],
            [
              80.76036000035339,
              24.976610000120548
            ],
            [
              80.69687999994409,
              25.018500000128174
            ],
            [
              80.85311999956225,
              25.03740000045356
            ],
            [
              80.8978799998962,
              25.086749999973005
            ],
            [
              80.79163000028588,
              24.88886000046125
            ],
            [
              80.82342999997945,
              24.82571000032625
            ],
            [
              81.044140000444,
              24.856520000239247
            ],
            [
              81.12308000013158,
              24.816080000201374
            ],
            [
              81.19846999982596,
              24.84393000036173
            ],
            [
              81.27192000021938,
              25.08401999977847
            ],
            [
              81.40190999958978,
              25.047170000308554
            ],
            [
              81.39713999963057,
              24.982850000388066
            ],
            [
              81.47936999951622,
              24.989600000194464
            ],
            [
              81.49418999995176,
              25.11904999984663
            ],
            [
              81.55202000002039,
              25.144300000134088
            ],
            [
              81.61265000013705,
              25.04064999966183
            ],
            [
              81.58666999991006,
              25.001439999730838
            ],
            [
              81.6763899998544,
              24.939730000480367
            ],
            [
              81.85125999957495,
              24.917670000374077
            ],
            [
              81.9326199999587,
              24.785890000451506
            ],
            [
              82.07457999964151,
              24.744509999995962
            ],
            [
              82.1627800000171,
              24.675949999993904
            ],
            [
              82.21768000022549,
              24.66867999978967
            ],
            [
              82.21220999983488,
              24.595989999839386
            ],
            [
              82.29518000043805,
              24.59767000003893
            ],
            [
              82.32101000003435,
              24.52775000043876
            ],
            [
              82.37616000026115,
              24.50164999964445
            ],
            [
              82.40185999967012,
              24.594900000330426
            ],
            [
              82.69976999995552,
              24.57643999972793
            ],
            [
              82.79099999954515,
              24.51509000033811
            ],
            [
              82.81459000038565,
              24.446110000228593
            ],
            [
              82.73726999994985,
              24.45682000045349
            ],
            [
              82.71909000000629,
              24.314020000157047
            ],
            [
              82.7977900004438,
              24.191250000506226
            ],
            [
              82.71633999954464,
              24.041580000335625
            ],
            [
              82.65056999978135,
              24.052899999862316
            ],
            [
              82.62842000005219,
              24.00696999961776
            ],
            [
              82.78026000030326,
              23.916220000333375
            ],
            [
              82.7780656666122,
              23.88541431302333
            ],
            [
              82.60755547234822,
              23.779573713064522
            ],
            [
              82.29602188867702,
              23.782503639424135
            ],
            [
              81.92252866463684,
              23.84253905279405
            ],
            [
              81.82855012862056,
              23.771382416557028
            ],
            [
              81.62677659187015,
              23.9300564251346
            ],
            [
              81.70376231557665,
              23.74332448310539
            ],
            [
              81.6099716021764,
              23.672029158912945
            ],
            [
              81.6557484471755,
              23.485436138621864
            ],
            [
              81.76498145401409,
              23.55663230349775
            ],
            [
              81.96685972558095,
              23.512493412230544
            ],
            [
              82.18248039392397,
              23.28160059851998
            ],
            [
              82.14996832282439,
              23.10978308944157
            ],
            [
              81.9639610055781,
              23.11102904165782
            ],
            [
              81.85436610547676,
              22.939586912221284
            ],
            [
              81.80631519308893,
              22.667378691589672
            ],
            [
              81.41931623101043,
              22.4394007324982
            ],
            [
              81.32695420101004,
              22.525662498590567
            ],
            [
              81.14163606012636,
              22.454224659629695
            ],
            [
              81.06430607776248,
              22.05269931178989
            ],
            [
              80.91043437707577,
              22.08137199097488
            ],
            [
              80.86455437909994,
              21.78014799707708
            ],
            [
              80.74170623128269,
              21.780001710135515
            ],
            [
              80.7269435627554,
              21.464433281918602
            ],
            [
              80.62719155119153,
              21.290059704694293
            ],
            [
              80.43887999993093,
              21.320599999942058
            ],
            [
              80.43426000028896,
              21.423290000419218
            ],
            [
              80.3277800002889,
              21.529950000307885
            ],
            [
              79.96566999989271,
              21.507890000110308
            ],
            [
              79.83173000026291,
              21.452810000360433
            ],
            [
              79.57978999973383,
              21.515450000261964
            ],
            [
              79.47012999964703,
              21.613159999712714
            ],
            [
              79.2802099999809,
              21.67177000024029
            ],
            [
              79.23077999962267,
              21.597000000396676
            ],
            [
              78.98056000047715,
              21.530950000133814
            ],
            [
              78.9626100003914,
              21.44308999977436
            ],
            [
              78.63981999961499,
              21.401170000193108
            ],
            [
              78.47653999965529,
              21.459079999933817
            ],
            [
              78.46526000000517,
              21.53775999970089
            ],
            [
              78.458437975516,
              21.54401220395706
            ]
          ]
        ]
      }
    },
    {
      "id": "31",
      "type": "Feature",
      "properties": {
        "OBJECTID_1": 33,
        "region_cod": "SOUTH PENINSULA",
        "subdivisio": "COASTAL KARNATAKA",
        "STATE": "KARNATAKA",
        "Area": 20010.7707902,
        "sanket_x_id": "IMD-32",
        "imd_source_id": "32",
        "sanket_x_subdivision": "COASTAL KARNATAKA"
      },
      "geometry": {
        "type": "Polygon",
        "coordinates": [
          [
            [
              75.37355144151608,
              12.484789205829706
            ],
            [
              75.37367003536592,
              12.485169997320446
            ],
            [
              75.36774562188187,
              12.484667635255688
            ],
            [
              75.2718700403311,
              12.476519997397105
            ],
            [
              75.28344003922334,
              12.548149997649412
            ],
            [
              75.10950004794984,
              12.630579996103918
            ],
            [
              75.1093800475611,
              12.675079996634107
            ],
            [
              75.04484005183892,
              12.646739996551556
            ],
            [
              74.95995005584845,
              12.75329999530554
            ],
            [
              74.86989006251824,
              12.724319994827221
            ],
            [
              74.78017006769015,
              12.903029994939182
            ],
            [
              74.67084007103257,
              13.351259993719168
            ],
            [
              74.65189007038383,
              13.600449993701677
            ],
            [
              74.70454006654342,
              13.585019994042238
            ],
            [
              74.69490006666564,
              13.626559993641024
            ],
            [
              74.64922007064219,
              13.629159993499906
            ],
            [
              74.56416007411417,
              13.893489992436567
            ],
            [
              74.48289007937123,
              14.011229992103939
            ],
            [
              74.36430008253744,
              14.504139990116808
            ],
            [
              74.31364008738292,
              14.506539989255094
            ],
            [
              74.25027008894716,
              14.751069989046542
            ],
            [
              74.18540009404944,
              14.812519987817044
            ],
            [
              74.22776008880399,
              14.86846998880827
            ],
            [
              74.12498009858831,
              14.8833799867781
            ],
            [
              74.09455010048904,
              14.942019986287733
            ],
            [
              74.21928008797171,
              14.963009988615973
            ],
            [
              74.26444008106469,
              15.189079988696417
            ],
            [
              74.1954600858109,
              15.25509998763034
            ],
            [
              74.29156007652988,
              15.312449989360337
            ],
            [
              74.28469007603988,
              15.351299989064254
            ],
            [
              74.2124600806682,
              15.460929988138897
            ],
            [
              74.22841357575889,
              15.536697779253615
            ],
            [
              74.42825600356193,
              15.507699784660504
            ],
            [
              74.4220672718003,
              15.393348221522361
            ],
            [
              74.5292589927014,
              15.415537033755621
            ],
            [
              74.63939446835263,
              15.342591746062702
            ],
            [
              74.71550320559022,
              15.420906122371342
            ],
            [
              74.89728100175103,
              15.245088326541463
            ],
            [
              74.84181145747286,
              15.129320646923416
            ],
            [
              74.91308584202848,
              15.036042788514521
            ],
            [
              75.05836901719984,
              15.097045694813337
            ],
            [
              75.09404482764737,
              14.869397184519519
            ],
            [
              75.01121452147252,
              14.676781137316336
            ],
            [
              75.07115662239525,
              14.630704357480063
            ],
            [
              75.02690796449585,
              14.458149796059486
            ],
            [
              74.95621809276913,
              14.54203985289176
            ],
            [
              74.88967491060723,
              14.47365858967032
            ],
            [
              74.99167474276449,
              14.314408397944876
            ],
            [
              74.89460486702212,
              14.292882771619219
            ],
            [
              74.90615796437933,
              14.226529902367679
            ],
            [
              74.75855462593744,
              14.270301834690859
            ],
            [
              74.76169613509093,
              14.156154641089303
            ],
            [
              74.6441971087658,
              14.17209499451672
            ],
            [
              74.6984316195233,
              13.973651925352899
            ],
            [
              74.83733690779313,
              13.882026467579115
            ],
            [
              74.95544591224487,
              13.837376428169192
            ],
            [
              75.0085158960216,
              13.667270153205854
            ],
            [
              75.07165906954295,
              13.47831418826126
            ],
            [
              75.14090677680177,
              13.432319846528609
            ],
            [
              75.0754023883083,
              13.326018679292273
            ],
            [
              75.22393099139681,
              13.215139118668784
            ],
            [
              75.28512059040169,
              13.092664614087957
            ],
            [
              75.37059746865927,
              13.180306238505382
            ],
            [
              75.56941053616352,
              12.9844491933945
            ],
            [
              75.67161278646915,
              12.748249343127645
            ],
            [
              75.65578136298329,
              12.576341789450812
            ],
            [
              75.55089093110976,
              12.488442319913686
            ],
            [
              75.37355144151608,
              12.484789205829706
            ]
          ]
        ]
      }
    },
    {
      "id": "32",
      "type": "Feature",
      "properties": {
        "OBJECTID_1": 34,
        "region_cod": "SOUTH PENINSULA",
        "subdivisio": "N. I. KARNATAKA",
        "STATE": "KARNATAKA",
        "Area": 80062.106717,
        "sanket_x_id": "IMD-33",
        "imd_source_id": "33",
        "sanket_x_subdivision": "N. I. KARNATAKA"
      },
      "geometry": {
        "type": "Polygon",
        "coordinates": [
          [
            [
              77.04993960059699,
              15.821112077601864
            ],
            [
              76.9183499519893,
              15.73030963222825
            ],
            [
              76.84648327474653,
              15.628713167555368
            ],
            [
              76.8121672682961,
              15.499186728765586
            ],
            [
              76.65793494898739,
              15.460414503480568
            ],
            [
              76.4907350336515,
              15.342556606288655
            ],
            [
              76.37294956190992,
              15.332984321048531
            ],
            [
              76.2507245178982,
              15.194468038132463
            ],
            [
              76.17643252958473,
              15.221501926832422
            ],
            [
              76.05977839256255,
              15.168889427027395
            ],
            [
              75.90640705126808,
              15.115405608216511
            ],
            [
              75.84208998344695,
              15.035281435316051
            ],
            [
              75.77064011477748,
              14.947838667908586
            ],
            [
              75.66056971305295,
              14.9381362807666
            ],
            [
              75.73563138265784,
              14.87553127690441
            ],
            [
              75.65639696148692,
              14.809350809770775
            ],
            [
              75.71757834296008,
              14.710666543554767
            ],
            [
              75.82872861985865,
              14.67027362678595
            ],
            [
              75.78855795235503,
              14.504908258239434
            ],
            [
              75.63555735280224,
              14.458558230802632
            ],
            [
              75.63880692718028,
              14.322798200446195
            ],
            [
              75.5738886567154,
              14.278428711277988
            ],
            [
              75.46295795580633,
              14.318752238020549
            ],
            [
              75.36539907609531,
              14.409352998483572
            ],
            [
              75.29597869599672,
              14.543446379181072
            ],
            [
              75.1984321638546,
              14.62677598139078
            ],
            [
              75.07108936120336,
              14.630442104213847
            ],
            [
              75.07115662239525,
              14.630704357480063
            ],
            [
              75.01121452147252,
              14.676781137316336
            ],
            [
              75.09404482764737,
              14.869397184519519
            ],
            [
              75.05836901719984,
              15.097045694813337
            ],
            [
              74.91308584202848,
              15.036042788514521
            ],
            [
              74.84181145747286,
              15.129320646923416
            ],
            [
              74.89728100175103,
              15.245088326541463
            ],
            [
              74.71550320559022,
              15.420906122371342
            ],
            [
              74.63939446835263,
              15.342591746062702
            ],
            [
              74.5292589927014,
              15.415537033755621
            ],
            [
              74.4220672718003,
              15.393348221522361
            ],
            [
              74.42825600356193,
              15.507699784660504
            ],
            [
              74.22841357575889,
              15.536697779253615
            ],
            [
              74.23017007748963,
              15.545039988202122
            ],
            [
              74.2397000748056,
              15.646599988728212
            ],
            [
              74.08273008821725,
              15.661009985939764
            ],
            [
              74.10362008549194,
              15.701539986205251
            ],
            [
              74.14934007974595,
              15.779909986696016
            ],
            [
              74.19901007661338,
              15.724529987448989
            ],
            [
              74.31606006758243,
              15.763839989593059
            ],
            [
              74.41804005727836,
              16.033219990860704
            ],
            [
              74.3467600613097,
              16.069509989581075
            ],
            [
              74.46020005376333,
              16.108639990896748
            ],
            [
              74.43819005338648,
              16.24100999042905
            ],
            [
              74.30650005958215,
              16.298069988913454
            ],
            [
              74.32561005703423,
              16.404539989334154
            ],
            [
              74.23795006063985,
              16.534269988421023
            ],
            [
              74.36694005243143,
              16.54503998950366
            ],
            [
              74.43472004789054,
              16.639709990496762
            ],
            [
              74.54324004252253,
              16.624749991924165
            ],
            [
              74.5455200435819,
              16.577399991907157
            ],
            [
              74.65196003824647,
              16.60229999245303
            ],
            [
              74.67778003595544,
              16.707369993193165
            ],
            [
              74.89983002738037,
              16.75962999492246
            ],
            [
              74.91982002552366,
              16.959929994848263
            ],
            [
              75.06267002132641,
              16.970569995487516
            ],
            [
              75.19109001980978,
              16.818129996755697
            ],
            [
              75.31338001685133,
              16.877409996684232
            ],
            [
              75.26845001668524,
              16.937809996796904
            ],
            [
              75.35597001545749,
              16.957289996904404
            ],
            [
              75.68953001051693,
              16.958299997754935
            ],
            [
              75.63593000946827,
              17.28815999838412
            ],
            [
              75.60253000944766,
              17.353499997955694
            ],
            [
              75.66850000858213,
              17.439339997853256
            ],
            [
              75.8985000072959,
              17.28372999873496
            ],
            [
              76.02128000580687,
              17.29517999930761
            ],
            [
              76.06319000574842,
              17.331209999289623
            ],
            [
              76.36506000355331,
              17.298029999604307
            ],
            [
              76.39256000374469,
              17.330989999606878
            ],
            [
              76.3292400034983,
              17.564189999763126
            ],
            [
              76.40118000321334,
              17.555079999428145
            ],
            [
              76.44302000249269,
              17.602189999279776
            ],
            [
              76.5467800027514,
              17.718959999157846
            ],
            [
              76.71461000217447,
              17.665589999922382
            ],
            [
              76.81270000194897,
              17.7849399994337
            ],
            [
              76.76221000176366,
              17.84558000010806
            ],
            [
              76.89290000160777,
              17.87518999970215
            ],
            [
              76.96012000069948,
              18.059089999573246
            ],
            [
              76.92842000150706,
              18.0977099993487
            ],
            [
              77.12167000068965,
              18.11959000029216
            ],
            [
              77.2154200004477,
              18.23679999954176
            ],
            [
              77.18356000028881,
              18.289390000090943
            ],
            [
              77.28355000070795,
              18.386199999554343
            ],
            [
              77.39352000015892,
              18.393880000204387
            ],
            [
              77.38126000082691,
              18.284140000022436
            ],
            [
              77.56930000006034,
              18.273019999824644
            ],
            [
              77.583979999868,
              18.265729999507517
            ],
            [
              77.62504000042381,
              18.251249999963836
            ],
            [
              77.58765999993865,
              18.199809999827274
            ],
            [
              77.60861000004395,
              18.069010000363797
            ],
            [
              77.55212000042305,
              17.99414999959457
            ],
            [
              77.57987000079926,
              17.947030000255097
            ],
            [
              77.64464000021574,
              17.9782999999051
            ],
            [
              77.67426000028061,
              17.936760000084547
            ],
            [
              77.52856000082514,
              17.76627999971318
            ],
            [
              77.45710000070896,
              17.57415000004441
            ],
            [
              77.51316000046681,
              17.50874000023286
            ],
            [
              77.70739000045226,
              17.478980000328068
            ],
            [
              77.57446000063837,
              17.405269999561664
            ],
            [
              77.38721000050764,
              17.191500000231226
            ],
            [
              77.48714000044771,
              17.09124000023863
            ],
            [
              77.43921000093883,
              16.7376100002464
            ],
            [
              77.47093000049566,
              16.589249999887333
            ],
            [
              77.40177000102858,
              16.48630999975353
            ],
            [
              77.30378000133001,
              16.457369999962967
            ],
            [
              77.29919000091586,
              16.365320000343313
            ],
            [
              77.51286000094711,
              16.306230000211837
            ],
            [
              77.48987000066474,
              15.889689999853399
            ],
            [
              77.19420000102613,
              15.931089999740175
            ],
            [
              77.04855000213992,
              15.82805999987306
            ],
            [
              77.04993960059699,
              15.821112077601864
            ]
          ]
        ]
      }
    },
    {
      "id": "33",
      "type": "Feature",
      "properties": {
        "OBJECTID_1": 35,
        "region_cod": "CENTRAL INDIA",
        "subdivisio": "VIDARBHA",
        "STATE": "MAHARASHTRA",
        "Area": 96541.7199327,
        "sanket_x_id": "IMD-34",
        "imd_source_id": "26",
        "sanket_x_subdivision": "VIDARBHA"
      },
      "geometry": {
        "type": "Polygon",
        "coordinates": [
          [
            [
              78.33512134574174,
              19.866015985531018
            ],
            [
              78.31308794537489,
              19.876027833862878
            ],
            [
              78.19860448879928,
              19.924427299458305
            ],
            [
              78.03953462195479,
              19.921847447318402
            ],
            [
              77.90362785683944,
              19.898035860213202
            ],
            [
              77.8528855897467,
              19.78251078945168
            ],
            [
              77.96760511388821,
              19.720007255785596
            ],
            [
              78.08185321668181,
              19.678909408238987
            ],
            [
              78.19592722913231,
              19.644895675986348
            ],
            [
              78.18985947550031,
              19.558803197113356
            ],
            [
              78.11568105534855,
              19.47880462895517
            ],
            [
              77.98727375514551,
              19.47671302069882
            ],
            [
              77.87288522040664,
              19.532092494086253
            ],
            [
              77.82182314557406,
              19.438060368395508
            ],
            [
              77.68564393736347,
              19.449949873745865
            ],
            [
              77.73719953429678,
              19.51536339535436
            ],
            [
              77.66093757591206,
              19.549788890871955
            ],
            [
              77.65219915930514,
              19.606936297309865
            ],
            [
              77.51449165756196,
              19.6831131414392
            ],
            [
              77.39951073773464,
              19.752463028789958
            ],
            [
              77.3281715232247,
              19.89424478700195
            ],
            [
              77.25216403031588,
              19.906980675119293
            ],
            [
              77.21227723496742,
              19.992064647349736
            ],
            [
              77.11473826105606,
              19.954149723896286
            ],
            [
              77.00788709316342,
              19.987573187792535
            ],
            [
              76.91798738646887,
              19.94972860561639
            ],
            [
              76.82700902015763,
              19.954768712178687
            ],
            [
              76.69355469798654,
              19.851373976854628
            ],
            [
              76.565056127313,
              19.848218431967204
            ],
            [
              76.4721271322624,
              19.92459088023128
            ],
            [
              76.39652491239858,
              19.922645138178677
            ],
            [
              76.30687038014104,
              19.884524145343182
            ],
            [
              76.14151181995975,
              19.851467096054627
            ],
            [
              76.04753359228427,
              19.95615946286759
            ],
            [
              75.97815891886778,
              19.99711578485465
            ],
            [
              76.08220723545371,
              20.05726114773489
            ],
            [
              76.13850616100008,
              20.194728432951127
            ],
            [
              76.18752527626387,
              20.324840405667807
            ],
            [
              76.08835576710395,
              20.343534067887727
            ],
            [
              75.93113386589057,
              20.28182321938105
            ],
            [
              75.94348493999509,
              20.367996848573497
            ],
            [
              75.9011212251712,
              20.502629080866114
            ],
            [
              75.99211535117296,
              20.505284670275614
            ],
            [
              76.03461048236579,
              20.599484810426624
            ],
            [
              76.00168379981612,
              20.677203052619795
            ],
            [
              75.99862731579017,
              20.770086231383846
            ],
            [
              76.05847123346079,
              20.800431254641268
            ],
            [
              76.12386519974763,
              20.895291741832775
            ],
            [
              76.08467742370458,
              20.929928478955155
            ],
            [
              76.18080444606667,
              21.018513250009892
            ],
            [
              76.29700311728844,
              20.95738680843643
            ],
            [
              76.36505041586821,
              20.973563153606182
            ],
            [
              76.4007799651312,
              21.05215639791503
            ],
            [
              76.41783999921061,
              21.051249999335568
            ],
            [
              76.5130499994435,
              21.14531999909424
            ],
            [
              76.69731999931193,
              21.243339999598447
            ],
            [
              76.69900999882071,
              21.31369000007136
            ],
            [
              76.83488999902384,
              21.426229999500514
            ],
            [
              76.83664999947852,
              21.54259000012121
            ],
            [
              76.99405999913694,
              21.56058999948081
            ],
            [
              77.06023999939707,
              21.661010000126836
            ],
            [
              77.52440999986872,
              21.726300000245086
            ],
            [
              77.62307999973915,
              21.492760000128953
            ],
            [
              77.47125999965965,
              21.491959999748023
            ],
            [
              77.48234999934992,
              21.45145999992568
            ],
            [
              77.54455999985119,
              21.35054000027396
            ],
            [
              77.74708999994041,
              21.31920999979398
            ],
            [
              78.05118000003256,
              21.36466999990578
            ],
            [
              78.22848000015804,
              21.492709999669284
            ],
            [
              78.44016999990268,
              21.560749999696334
            ],
            [
              78.46526000000517,
              21.53775999970089
            ],
            [
              78.47653999965529,
              21.459079999933817
            ],
            [
              78.63981999961499,
              21.401170000193108
            ],
            [
              78.9626100003914,
              21.44308999977436
            ],
            [
              78.98056000047715,
              21.530950000133814
            ],
            [
              79.23077999962267,
              21.597000000396676
            ],
            [
              79.2802099999809,
              21.67177000024029
            ],
            [
              79.47012999964703,
              21.613159999712714
            ],
            [
              79.57978999973383,
              21.515450000261964
            ],
            [
              79.83173000026291,
              21.452810000360433
            ],
            [
              79.96566999989271,
              21.507890000110308
            ],
            [
              80.3277800002889,
              21.529950000307885
            ],
            [
              80.43426000028896,
              21.423290000419218
            ],
            [
              80.43887999993093,
              21.320599999942058
            ],
            [
              80.70196999983428,
              21.27787000043212
            ],
            [
              80.69675999969796,
              21.22695000041838
            ],
            [
              80.464700000282,
              21.076180000023086
            ],
            [
              80.47098000036841,
              20.91677000015421
            ],
            [
              80.56809000021391,
              20.77357000015566
            ],
            [
              80.59013999961111,
              20.635340000423785
            ],
            [
              80.50808999983154,
              20.585679999646228
            ],
            [
              80.61510999994348,
              20.497059999913603
            ],
            [
              80.62087999977537,
              20.26240999958024
            ],
            [
              80.42096000026318,
              20.215139999802876
            ],
            [
              80.42053000013931,
              20.101039999691952
            ],
            [
              80.5167800001636,
              20.07834000021205
            ],
            [
              80.54554999997582,
              19.913999999716722
            ],
            [
              80.51980999961378,
              19.864950000419828
            ],
            [
              80.44238000037353,
              19.900560000223056
            ],
            [
              80.42938999992907,
              19.84309000036714
            ],
            [
              80.49998999983043,
              19.821430000463067
            ],
            [
              80.40652000002714,
              19.762460000152274
            ],
            [
              80.56051999956804,
              19.746900000428532
            ],
            [
              80.66757999984875,
              19.573719999862945
            ],
            [
              80.84255999995426,
              19.491939999622613
            ],
            [
              80.8971100001493,
              19.439599999631778
            ],
            [
              80.83495000015664,
              19.364820000004848
            ],
            [
              80.88159000014866,
              19.306960000168896
            ],
            [
              80.68636000016299,
              19.22181000024405
            ],
            [
              80.63310999971797,
              19.339999999883826
            ],
            [
              80.55682000028914,
              19.35709999976536
            ],
            [
              80.418859999575,
              19.12008000045509
            ],
            [
              80.29739000004875,
              19.048149999988638
            ],
            [
              80.2727400002952,
              18.97488000038396
            ],
            [
              80.37663000029922,
              18.78318999989955
            ],
            [
              80.25240000027692,
              18.68893999969132
            ],
            [
              80.09534000032535,
              18.699640000236563
            ],
            [
              79.92270000035793,
              18.759479999705736
            ],
            [
              79.98344999965903,
              18.937650000462025
            ],
            [
              79.87898999981172,
              19.03441999972708
            ],
            [
              79.88586999988942,
              19.080840000261418
            ],
            [
              80.01916000039989,
              19.288519999861524
            ],
            [
              80.00455000034115,
              19.340540000001866
            ],
            [
              79.84502000037249,
              19.437380000375306
            ],
            [
              79.81469000010006,
              19.51632000033853
            ],
            [
              79.50017999973288,
              19.465470000149526
            ],
            [
              79.2844200002595,
              19.557200000072342
            ],
            [
              79.22992999966196,
              19.410479999679787
            ],
            [
              78.95823000014045,
              19.503650000072327
            ],
            [
              78.80961999996157,
              19.63219000010948
            ],
            [
              78.80142000027946,
              19.70176000045044
            ],
            [
              78.74236000042268,
              19.740520000353044
            ],
            [
              78.4855399998832,
              19.702259999692114
            ],
            [
              78.34710341961166,
              19.860569638985094
            ],
            [
              78.33611999965198,
              19.87310999981141
            ],
            [
              78.33512134574174,
              19.866015985531018
            ]
          ]
        ]
      }
    },
    {
      "id": "34",
      "type": "Feature",
      "properties": {
        "OBJECTID_1": 36,
        "region_cod": "CENTRAL INDIA",
        "subdivisio": "MARATHWADA",
        "STATE": "MAHARASHTRA",
        "Area": 66443.1478097,
        "sanket_x_id": "IMD-35",
        "imd_source_id": "25",
        "sanket_x_subdivision": "MARATHWADA"
      },
      "geometry": {
        "type": "Polygon",
        "coordinates": [
          [
            [
              76.02093433793742,
              20.631778693253494
            ],
            [
              76.03461048236579,
              20.599484810426624
            ],
            [
              75.99211535117296,
              20.505284670275614
            ],
            [
              75.9011212251712,
              20.502629080866114
            ],
            [
              75.94348493999509,
              20.367996848573497
            ],
            [
              75.93113386589057,
              20.28182321938105
            ],
            [
              76.08835576710395,
              20.343534067887727
            ],
            [
              76.18752527626387,
              20.324840405667807
            ],
            [
              76.13850616100008,
              20.194728432951127
            ],
            [
              76.08220723545371,
              20.05726114773489
            ],
            [
              75.97815891886778,
              19.99711578485465
            ],
            [
              76.04753359228427,
              19.95615946286759
            ],
            [
              76.14151181995975,
              19.851467096054627
            ],
            [
              76.30687038014104,
              19.884524145343182
            ],
            [
              76.39652491239858,
              19.922645138178677
            ],
            [
              76.4721271322624,
              19.92459088023128
            ],
            [
              76.565056127313,
              19.848218431967204
            ],
            [
              76.69355469798654,
              19.851373976854628
            ],
            [
              76.82700902015763,
              19.954768712178687
            ],
            [
              76.91798738646887,
              19.94972860561639
            ],
            [
              77.00788709316342,
              19.987573187792535
            ],
            [
              77.11473826105606,
              19.954149723896286
            ],
            [
              77.21227723496742,
              19.992064647349736
            ],
            [
              77.25216403031588,
              19.906980675119293
            ],
            [
              77.3281715232247,
              19.89424478700195
            ],
            [
              77.39951073773464,
              19.752463028789958
            ],
            [
              77.51449165756196,
              19.6831131414392
            ],
            [
              77.65219915930514,
              19.606936297309865
            ],
            [
              77.66093757591206,
              19.549788890871955
            ],
            [
              77.73719953429678,
              19.51536339535436
            ],
            [
              77.68564393736347,
              19.449949873745865
            ],
            [
              77.82182314557406,
              19.438060368395508
            ],
            [
              77.87288522040664,
              19.532092494086253
            ],
            [
              77.98727375514551,
              19.47671302069882
            ],
            [
              78.11568105534855,
              19.47880462895517
            ],
            [
              78.18985947550031,
              19.558803197113356
            ],
            [
              78.19592722913231,
              19.644895675986348
            ],
            [
              78.08185321668181,
              19.678909408238987
            ],
            [
              77.96760511388821,
              19.720007255785596
            ],
            [
              77.8528855897467,
              19.78251078945168
            ],
            [
              77.90362785683944,
              19.898035860213202
            ],
            [
              78.03953462195479,
              19.921847447318402
            ],
            [
              78.19860448879928,
              19.924427299458305
            ],
            [
              78.31308794537489,
              19.876027833862878
            ],
            [
              78.33512134574174,
              19.866015985531018
            ],
            [
              78.32866999984786,
              19.8201800003376
            ],
            [
              78.37336000003496,
              19.749909999873584
            ],
            [
              78.3123599998892,
              19.64283999976324
            ],
            [
              78.33576999994128,
              19.529750000042434
            ],
            [
              78.31215000048381,
              19.41450999980109
            ],
            [
              78.2166400001826,
              19.356370000231404
            ],
            [
              78.21384000048516,
              19.2198800003963
            ],
            [
              78.08712000005423,
              19.166110000075047
            ],
            [
              77.98512000050323,
              19.298130000057586
            ],
            [
              77.87978000014814,
              19.260179999644205
            ],
            [
              77.87572000028376,
              19.079099999885337
            ],
            [
              77.77727999984242,
              18.95664000021821
            ],
            [
              77.87365000044451,
              18.89522999984939
            ],
            [
              77.8610900005265,
              18.784610000251437
            ],
            [
              77.77457000050146,
              18.657579999883275
            ],
            [
              77.79901000048596,
              18.558410000367584
            ],
            [
              77.57661000074542,
              18.483030000070375
            ],
            [
              77.58423999987333,
              18.413429999994378
            ],
            [
              77.53383000042194,
              18.391580000379395
            ],
            [
              77.56930000006034,
              18.273019999824644
            ],
            [
              77.38126000082691,
              18.284140000022436
            ],
            [
              77.39352000015892,
              18.393880000204387
            ],
            [
              77.28355000070795,
              18.386199999554343
            ],
            [
              77.18356000028881,
              18.289390000090943
            ],
            [
              77.2154200004477,
              18.23679999954176
            ],
            [
              77.12167000068965,
              18.11959000029216
            ],
            [
              76.92842000150706,
              18.0977099993487
            ],
            [
              76.96012000069948,
              18.059089999573246
            ],
            [
              76.89290000160777,
              17.87518999970215
            ],
            [
              76.76221000176366,
              17.84558000010806
            ],
            [
              76.81270000194897,
              17.7849399994337
            ],
            [
              76.71461000217447,
              17.665589999922382
            ],
            [
              76.5467800027514,
              17.718959999157846
            ],
            [
              76.45764807963137,
              17.618662578738107
            ],
            [
              76.39777574914802,
              17.66992322666098
            ],
            [
              76.29530216708028,
              17.735466999569198
            ],
            [
              76.2071025917973,
              17.683249647554085
            ],
            [
              76.17287077832981,
              17.707449124990017
            ],
            [
              76.15679823512023,
              17.749974573727172
            ],
            [
              76.08916800660592,
              17.766171420688025
            ],
            [
              76.01496459032802,
              17.74998855523119
            ],
            [
              76.0092454138682,
              17.82136600259933
            ],
            [
              75.9195066002299,
              17.82619955058037
            ],
            [
              75.85112496956923,
              17.867310239247892
            ],
            [
              75.83298275495945,
              17.977665086320822
            ],
            [
              75.88079296766966,
              18.00396519096984
            ],
            [
              75.91148750888463,
              17.976170351083606
            ],
            [
              75.97516498415784,
              17.97068263565965
            ],
            [
              76.00998374888206,
              18.060987159788024
            ],
            [
              75.94534773757057,
              18.098637054333143
            ],
            [
              75.94298003085541,
              18.180819091260435
            ],
            [
              75.94049595536427,
              18.266573192974025
            ],
            [
              75.90047650518031,
              18.354898802803795
            ],
            [
              75.80608668911934,
              18.3809440509235
            ],
            [
              75.76308930363429,
              18.440537486136066
            ],
            [
              75.71498434112932,
              18.421326310150622
            ],
            [
              75.720798672737,
              18.35356709869824
            ],
            [
              75.65094518011814,
              18.312294119656524
            ],
            [
              75.60037283904911,
              18.253678387249835
            ],
            [
              75.564444171292,
              18.206195618371694
            ],
            [
              75.52569004823441,
              18.130038763750274
            ],
            [
              75.43086054567704,
              18.173765877346117
            ],
            [
              75.42156765841416,
              18.230669624556647
            ],
            [
              75.39639374231366,
              18.3156910980906
            ],
            [
              75.29230969564661,
              18.40906135916244
            ],
            [
              75.31144179885315,
              18.509676268727002
            ],
            [
              75.3510683359288,
              18.55731708213506
            ],
            [
              75.4193700368126,
              18.530768521585834
            ],
            [
              75.49837823230095,
              18.63673118968299
            ],
            [
              75.54229320221107,
              18.6701803058729
            ],
            [
              75.57930193464426,
              18.685552087478133
            ],
            [
              75.55146960145208,
              18.734779587756755
            ],
            [
              75.46129723093517,
              18.739272897504183
            ],
            [
              75.45614616288805,
              18.782002434092487
            ],
            [
              75.39826702642517,
              18.83029620997996
            ],
            [
              75.38142466271688,
              18.77261687539603
            ],
            [
              75.33151116004646,
              18.806834244415377
            ],
            [
              75.25547824493665,
              18.725905400808823
            ],
            [
              75.16908960561504,
              18.73037122648743
            ],
            [
              75.16442043054292,
              18.648067062458377
            ],
            [
              75.05612037654745,
              18.744665005400623
            ],
            [
              74.96396127511534,
              18.80598373968343
            ],
            [
              74.9050704335797,
              18.879048476178664
            ],
            [
              74.84691091242681,
              18.930683179805307
            ],
            [
              74.8038412013975,
              18.97922774150842
            ],
            [
              74.87157508269881,
              18.974349503296423
            ],
            [
              74.90596372248963,
              18.95763469023171
            ],
            [
              74.94655201552798,
              18.976824665727595
            ],
            [
              74.95999893538622,
              19.020117994974076
            ],
            [
              74.92158683408596,
              19.04385008009182
            ],
            [
              74.91989018644999,
              19.09021501014476
            ],
            [
              74.94070432377653,
              19.13732568004549
            ],
            [
              74.97927032696509,
              19.11002797802522
            ],
            [
              75.06946280494907,
              19.10939473690915
            ],
            [
              75.11437372434689,
              19.114412991815875
            ],
            [
              75.07887773094131,
              19.056123821011884
            ],
            [
              75.14754467918783,
              19.026173968225727
            ],
            [
              75.20044277637132,
              19.01713073870783
            ],
            [
              75.17943743793722,
              19.080767497661846
            ],
            [
              75.21184652935564,
              19.121087254946136
            ],
            [
              75.23210700740756,
              19.078856316725044
            ],
            [
              75.26312036262469,
              19.05124654209651
            ],
            [
              75.26459529876863,
              19.008421300702906
            ],
            [
              75.29558825045872,
              18.980801071051626
            ],
            [
              75.34399851298413,
              18.993010069090797
            ],
            [
              75.3162739306557,
              19.03503216910424
            ],
            [
              75.28465693155825,
              19.080498511056636
            ],
            [
              75.31044464590322,
              19.095590204895547
            ],
            [
              75.38238458181107,
              19.07993941481895
            ],
            [
              75.42004968061457,
              19.07751366364584
            ],
            [
              75.48633160963205,
              19.118824604288573
            ],
            [
              75.43726713278114,
              19.1244903735747
            ],
            [
              75.43922339511644,
              19.178151476573596
            ],
            [
              75.40020147354832,
              19.21984055237173
            ],
            [
              75.50447343591475,
              19.251598110182435
            ],
            [
              75.53097668805142,
              19.359611195864332
            ],
            [
              75.46861617092043,
              19.42204643774329
            ],
            [
              75.34871744178938,
              19.404051411859157
            ],
            [
              75.29205063193646,
              19.516602419684776
            ],
            [
              75.16152366122738,
              19.58386414477291
            ],
            [
              74.93356095617523,
              19.633449094107956
            ],
            [
              74.84857582902296,
              19.687681526183656
            ],
            [
              74.66452024441017,
              19.766925629160873
            ],
            [
              74.60199314936915,
              19.82179920703104
            ],
            [
              74.6730601582549,
              19.931430462858266
            ],
            [
              74.7271311916518,
              20.09043059721544
            ],
            [
              74.73096737336876,
              20.183385536486327
            ],
            [
              74.79609564536003,
              20.25710976052165
            ],
            [
              74.86634895200986,
              20.202460911575724
            ],
            [
              74.9362789400551,
              20.154903244703064
            ],
            [
              74.90272619786904,
              20.23943988896273
            ],
            [
              74.98982456038635,
              20.335309068638878
            ],
            [
              75.05925648449929,
              20.301975411285504
            ],
            [
              75.1105648657462,
              20.346578027559612
            ],
            [
              75.11568589003421,
              20.411045195433093
            ],
            [
              75.20220597430391,
              20.52826957614932
            ],
            [
              75.28393652530372,
              20.573864225945478
            ],
            [
              75.35998501402095,
              20.569220711427825
            ],
            [
              75.39970607631062,
              20.52048879565487
            ],
            [
              75.45955112653382,
              20.543857548476343
            ],
            [
              75.56414442838313,
              20.590067608461894
            ],
            [
              75.67565188210192,
              20.657886345641383
            ],
            [
              75.7072404174063,
              20.623114832265244
            ],
            [
              75.83080037948953,
              20.562513535369575
            ],
            [
              75.85211238313265,
              20.606052985306853
            ],
            [
              75.91352252870927,
              20.586422383970305
            ],
            [
              76.02093433793742,
              20.631778693253494
            ]
          ]
        ]
      }
    },
    {
      "id": "35",
      "type": "Feature",
      "properties": {
        "OBJECTID_1": 20,
        "region_cod": "SOUTH PENINSULA",
        "subdivisio": "TAMILNADU & PONDICHERY",
        "STATE": "TAMIL NADU",
        "Area": 135337.882778,
        "sanket_x_id": "IMD-36",
        "imd_source_id": "31",
        "sanket_x_subdivision": "TAMILNADU & PONDICHERY"
      },
      "geometry": {
        "type": "Polygon",
        "coordinates": [
          [
            [
              77.14879000362731,
              8.588319000186393
            ],
            [
              77.13849000366731,
              8.666402999935544
            ],
            [
              77.20824000358672,
              8.784122999864996
            ],
            [
              77.11716000358548,
              8.944136999890677
            ],
            [
              77.22916000294128,
              9.102969000280066
            ],
            [
              77.24812000315936,
              9.21650699953072
            ],
            [
              77.31036000310702,
              9.28817299959998
            ],
            [
              77.3161300030465,
              9.346299000139387
            ],
            [
              77.34529000284721,
              9.392710999500359
            ],
            [
              77.37177000279364,
              9.431718999608496
            ],
            [
              77.28582000257903,
              9.5395459999359
            ],
            [
              77.16131000342932,
              9.53163099981296
            ],
            [
              77.22153000275121,
              9.908692999514797
            ],
            [
              77.17574000286555,
              10.059509999596203
            ],
            [
              77.215580002814,
              10.079370000239567
            ],
            [
              77.24069000301695,
              10.157209999660141
            ],
            [
              77.24391000322488,
              10.196949999828858
            ],
            [
              77.15553000300999,
              10.317789999539771
            ],
            [
              76.90804000480622,
              10.192760000254722
            ],
            [
              76.80738000630198,
              10.246800000108848
            ],
            [
              76.79661000608986,
              10.279899999705314
            ],
            [
              76.78018000614975,
              10.316609999625568
            ],
            [
              76.75819000583675,
              10.593450000183859
            ],
            [
              76.85171000565595,
              10.717650000225579
            ],
            [
              76.7347700064891,
              10.837119999915585
            ],
            [
              76.62473000761796,
              10.867889999903891
            ],
            [
              76.65323000737645,
              10.95983999953076
            ],
            [
              76.76389000585498,
              11.013210000178699
            ],
            [
              76.68407000695383,
              11.083279999738792
            ],
            [
              76.69363000627753,
              11.190719999544104
            ],
            [
              76.56286000812422,
              11.157349999383216
            ],
            [
              76.43144001017953,
              11.164579999483083
            ],
            [
              76.50320000853417,
              11.248019999931472
            ],
            [
              76.48348000881026,
              11.304159999812992
            ],
            [
              76.21944001307004,
              11.423909999148439
            ],
            [
              76.21590001249714,
              11.515479999530728
            ],
            [
              76.3179100112242,
              11.538439999615765
            ],
            [
              76.40288000959373,
              11.624039999962578
            ],
            [
              76.49185000829662,
              11.643939999510637
            ],
            [
              76.54915000810057,
              11.53372999934024
            ],
            [
              76.80663000540315,
              11.59483000008845
            ],
            [
              76.91782000433821,
              11.76851999943845
            ],
            [
              77.00446000395505,
              11.762229999743964
            ],
            [
              77.06274000341762,
              11.697240000106117
            ],
            [
              77.23781000216395,
              11.758589999657742
            ],
            [
              77.30777000178905,
              11.730689999563012
            ],
            [
              77.51860000130304,
              11.88200999977719
            ],
            [
              77.63615000153955,
              11.892429999702006
            ],
            [
              77.62430000132052,
              11.943250000163257
            ],
            [
              77.74873000076956,
              12.020350000037965
            ],
            [
              77.71560000108458,
              12.125640000279695
            ],
            [
              77.4498100015968,
              12.12581000014372
            ],
            [
              77.41670000154721,
              12.214390000058897
            ],
            [
              77.59241000131827,
              12.355159999559453
            ],
            [
              77.61445000109927,
              12.410049999799888
            ],
            [
              77.54948000135924,
              12.561399999678466
            ],
            [
              77.62888000063175,
              12.64373999986202
            ],
            [
              77.69601000051117,
              12.639740000110702
            ],
            [
              77.74832000118184,
              12.699540000069785
            ],
            [
              77.78648000050742,
              12.851929999772235
            ],
            [
              77.81591000077165,
              12.841060000348994
            ],
            [
              77.85747000074886,
              12.847900000271029
            ],
            [
              77.99160000043157,
              12.765540000304108
            ],
            [
              78.0667900008411,
              12.818959999984612
            ],
            [
              78.22245000014149,
              12.750509999899045
            ],
            [
              78.21900000035906,
              12.708769999776461
            ],
            [
              78.29313000026958,
              12.65641000026269
            ],
            [
              78.40603999998805,
              12.59126999974295
            ],
            [
              78.5560599997612,
              12.77653000025186
            ],
            [
              78.6143100002712,
              13.003039999929742
            ],
            [
              78.7294499997219,
              13.07309000016025
            ],
            [
              79.23542999989266,
              12.986389999832051
            ],
            [
              79.29787000045465,
              13.004089999660449
            ],
            [
              79.31194000012049,
              13.061599999669529
            ],
            [
              79.41406000019097,
              13.155359999951267
            ],
            [
              79.44130999981304,
              13.304709999694438
            ],
            [
              79.79971000019357,
              13.207159999565977
            ],
            [
              79.82342999977726,
              13.259070000301246
            ],
            [
              79.96001000030664,
              13.30983999958573
            ],
            [
              80.05122999988563,
              13.425580000218176
            ],
            [
              80.04278999990439,
              13.489619999590898
            ],
            [
              80.17840999963629,
              13.44191000029762
            ],
            [
              80.27319000037511,
              13.400759999836666
            ],
            [
              80.36386999958295,
              13.281659999596517
            ],
            [
              80.35477000002979,
              13.105479999595458
            ],
            [
              80.32991999961314,
              13.034170000273217
            ],
            [
              80.31078999970735,
              12.971189999729837
            ],
            [
              80.17227999970656,
              12.422910000011523
            ],
            [
              80.03732999977831,
              12.43812999972492
            ],
            [
              80.14197000009796,
              12.372969999773716
            ],
            [
              80.03221000012358,
              12.18057000010882
            ],
            [
              79.97835000003137,
              12.077879999938922
            ],
            [
              79.89723000030722,
              11.978949999986604
            ],
            [
              79.8604400003568,
              11.866960000171751
            ],
            [
              79.82742000015435,
              11.72443999994705
            ],
            [
              79.79344999957453,
              11.351519999728229
            ],
            [
              79.74294000007805,
              11.298629999646229
            ],
            [
              79.81500999983606,
              11.292280000145322
            ],
            [
              79.86638999961201,
              10.941689999687647
            ],
            [
              79.8541500001499,
              10.847420000177285
            ],
            [
              79.85596999983191,
              10.768850000304772
            ],
            [
              79.86773000040816,
              10.183169999577313
            ],
            [
              79.56542999977253,
              10.19361000011623
            ],
            [
              79.54766999959374,
              10.233310000093464
            ],
            [
              79.30605000003754,
              10.193480000106543
            ],
            [
              79.24099999996002,
              10.086310000205529
            ],
            [
              79.2441699997957,
              9.942336000355471
            ],
            [
              79.13375999977471,
              9.788062000299842
            ],
            [
              78.96056000044149,
              9.559835999680672
            ],
            [
              78.90180000017268,
              9.380816000385234
            ],
            [
              78.92737000042203,
              9.265702000332888
            ],
            [
              79.16816000001138,
              9.166792000136724
            ],
            [
              78.84064999980582,
              9.140117999959577
            ],
            [
              78.3915000005423,
              9.00539399995804
            ],
            [
              78.13727000054192,
              8.796600999612354
            ],
            [
              78.1309000009346,
              8.670473999617037
            ],
            [
              78.17178000011566,
              8.65235899974965
            ],
            [
              78.10675000062135,
              8.569094999922974
            ],
            [
              78.09903000046012,
              8.38601300036529
            ],
            [
              78.01503000074099,
              8.26770000008451
            ],
            [
              77.75536000107124,
              8.091819999687475
            ],
            [
              77.53533000172908,
              8.040088999925073
            ],
            [
              77.50207000230057,
              7.9634999997005105
            ],
            [
              77.34200000287889,
              8.00219400001209
            ],
            [
              77.0774800042714,
              8.184670999624768
            ],
            [
              77.1485700038309,
              8.395157000260355
            ],
            [
              77.21112000342865,
              8.491554999942952
            ],
            [
              77.14879000362731,
              8.588319000186393
            ]
          ]
        ]
      }
    }
  ],
  "_sanket_x_validation": {
    "source": "https://mausam.imd.gov.in/imd_latest/contents/district_shapefiles/sd_boundary.json",
    "expected_count": 36,
    "actual_count": 36,
    "validated": true,
    "source_crs": "EPSG:32644",
    "output_crs": "EPSG:4326",
    "id_source": "feature.id or properties.OBJECTID_1",
    "name_source": "properties.subdivisio",
    "wgs84_bounds": [
      68.35858572161239,
      6.733649851895879,
      97.46217403853596,
      37.034729997546236
    ],
    "crs_note": "The official IMD subdivision JSON does not provide explicit CRS metadata. The source coordinates are interpreted as UTM Zone 44N (EPSG:32644) and transformed to WGS84 (EPSG:4326) so they are compatible with the IMD 0.25-degree rainfall grid."
  }
}